{"stats":{"minecraft:used":{"minecraft:stone_pickaxe":80,"minecraft:stone_axe":34,"regions_unexplored:chalk":17,"minecraft:mossy_cobblestone":1,"minecraft:cobblestone":39,"scalinghealth:heart_crystal":1,"minecraft:crafting_table":2},"minecraft:killed_by":{"minecraft:player":1},"minecraft:custom":{"minecraft:time_since_rest":36032,"minecraft:sprint_one_cm":5814,"minecraft:damage_taken":864,"minecraft:walk_one_cm":100311,"minecraft:mob_kills":1,"minecraft:drop":12,"minecraft:damage_dealt":168,"minecraft:interact_with_crafting_table":4,"minecraft:fly_one_cm":1540,"minecraft:open_barrel":1,"minecraft:crouch_one_cm":217,"minecraft:play_time":49100,"minecraft:deaths":2,"minecraft:sneak_time":110,"minecraft:walk_under_water_one_cm":1585,"minecraft:jump":283,"minecraft:interact_with_stonecutter":1,"minecraft:leave_game":2,"minecraft:time_since_death":35928,"minecraft:walk_on_water_one_cm":6114,"minecraft:total_world_time":49100,"minecraft:fall_one_cm":12413},"minecraft:dropped":{"minecraft:gravel":9,"minecraft:mossy_cobblestone":1,"regions_unexplored:redwood_log":337,"gravestone:obituary":1,"minecraft:oak_planks":3},"minecraft:killed":{"born_in_chaos_v1:zombie_lumberjack":1},"minecraft:picked_up":{"minecraft:stripped_oak_log":1,"minecraft:crafting_table":2,"minecraft:torch":8,"minecraft:gravel":9,"minecraft:stone_button":1,"regions_unexplored:chalk":106,"scalinghealth:heart_crystal":1,"minecraft:dirt":3,"regions_unexplored:daisy":1,"regions_unexplored:tassel":2,"minecraft:mossy_cobblestone":2,"minecraft:bone":1,"minecraft:rotten_flesh":2,"undead_revamp2:blacpetalblock":1,"minecraft:stone_axe":1,"minecraft:wheat_seeds":1,"minecraft:candle":4,"minecraft:spruce_planks":1,"minecraft:stone_pickaxe":1,"minecraft:oak_sapling":1,"regions_unexplored:redwood_planks":247,"spelunkers_charm:rock":1,"minecraft:oak_planks":1,"minecraft:coal":14,"minecraft:cobblestone":53,"regions_unexplored:redwood_log":337},"minecraft:mined":{"minecraft:podzol":2,"regions_unexplored:chalk_grass_block":2,"minecraft:mossy_cobblestone":2,"minecraft:candle":1,"treechop:chopped_log":1,"minecraft:crafting_table":2,"minecraft:glow_lichen":2,"minecraft:grass":1,"minecraft:coal_ore":13,"minecraft:gravel":1,"minecraft:stripped_oak_log":1,"regions_unexplored:medium_grass":1,"regions_unexplored:chalk":22,"regions_unexplored:daisy":1,"minecraft:stone":23,"spelunkers_charm:rock_pile_1":1,"regions_unexplored:tassel":2},"minecraft:crafted":{"minecraft:oak_planks":4,"minecraft:light_gray_dye":1}},"DataVersion":3465}