{"stats":{"minecraft:killed_by":{"minecraft:player":1},"minecraft:custom":{"minecraft:time_since_rest":4772,"minecraft:play_time":17840,"minecraft:sprint_one_cm":2172,"minecraft:deaths":2,"minecraft:damage_taken":512,"minecraft:walk_one_cm":36634,"minecraft:walk_under_water_one_cm":1585,"minecraft:mob_kills":1,"minecraft:drop":1,"minecraft:jump":117,"minecraft:damage_dealt":56,"minecraft:leave_game":2,"minecraft:walk_on_water_one_cm":6114,"minecraft:time_since_death":4668,"minecraft:total_world_time":17840,"minecraft:fall_one_cm":10414,"minecraft:fly_one_cm":795},"minecraft:dropped":{"gravestone:obituary":1},"minecraft:picked_up":{"spelunkers_charm:rock":1,"regions_unexplored:tassel":1,"regions_unexplored:daisy":1},"minecraft:killed":{"born_in_chaos_v1:zombie_lumberjack":1},"minecraft:mined":{"minecraft:podzol":1,"regions_unexplored:daisy":1,"spelunkers_charm:rock_pile_1":1,"regions_unexplored:tassel":1}},"DataVersion":3465}