{"stats":{"minecraft:picked_up":{"minecraft:wooden_axe":1,"minecraft:stick":65,"minecraft:crafting_table":2,"minecraft:stone_axe":1,"minecraft:wheat_seeds":1,"regions_unexplored:flowering_shrub":1,"alexsmobs:cachalot_whale_tooth":1,"regions_unexplored:redwood_sapling":77,"minecraft:ink_sac":13,"born_in_chaos_v1:rotten_fish":1,"regions_unexplored:redwood_planks":192,"minecraft:oak_sapling":2,"minecraft:cobblestone":1,"alexsmobs:animal_dictionary":2,"minecraft:dirt":10,"regions_unexplored:redwood_log":484},"minecraft:crafted":{"regions_unexplored:redwood_planks":532,"regions_unexplored:flowering_sapling":2},"minecraft:broken":{"minecraft:wooden_axe":1},"minecraft:mined":{"minecraft:grass":2,"regions_unexplored:redwood_log":18,"minecraft:crafting_table":1,"treechop:chopped_log":2,"regions_unexplored:flowering_shrub":1},"minecraft:custom":{"minecraft:time_since_rest":26162,"minecraft:play_time":29300,"minecraft:sprint_one_cm":4460,"minecraft:walk_one_cm":46194,"minecraft:damage_taken":453,"minecraft:deaths":1,"minecraft:sneak_time":51,"minecraft:walk_under_water_one_cm":5988,"minecraft:jump":182,"minecraft:damage_dealt":10,"minecraft:leave_game":1,"minecraft:walk_on_water_one_cm":29256,"minecraft:time_since_death":26119,"minecraft:total_world_time":29300,"minecraft:swim_one_cm":690,"minecraft:interact_with_crafting_table":5,"minecraft:fall_one_cm":5364,"minecraft:fly_one_cm":1793},"minecraft:used":{"minecraft:stone_axe":55,"minecraft:wooden_axe":27,"regions_unexplored:redwood_log":18,"minecraft:crafting_table":1}},"DataVersion":3465}