{"stats":{"minecraft:killed":{"minecraft:zombie":1,"born_in_chaos_v1:maggot":1},"minecraft:picked_up":{"minecraft:wooden_axe":1,"minecraft:stick":65,"minecraft:crafting_table":2,"regions_unexplored:flowering_shrub":1,"alexsmobs:cachalot_whale_tooth":1,"minecraft:ink_sac":15,"minecraft:dirt":10,"alexsmobs:animal_dictionary":2,"minecraft:rotten_flesh":1,"minecraft:stone_axe":1,"minecraft:wheat_seeds":8,"regions_unexplored:redwood_sapling":77,"minecraft:oak_sapling":3,"regions_unexplored:redwood_planks":193,"born_in_chaos_v1:rotten_fish":1,"regions_unexplored:redwood_log":484,"minecraft:cobblestone":1},"minecraft:crafted":{"regions_unexplored:redwood_planks":532,"regions_unexplored:flowering_sapling":2},"minecraft:broken":{"minecraft:wooden_axe":1},"minecraft:killed_by":{"minecraft:spider":1,"minecraft:zombie":1},"minecraft:mined":{"regions_unexplored:redwood_planks":1,"treechop:chopped_log":2,"minecraft:crafting_table":1,"gravestone:gravestone":1,"minecraft:grass":18,"minecraft:oak_log":1,"regions_unexplored:medium_grass":24,"regions_unexplored:redwood_log":18,"minecraft:sugar_cane":1,"minecraft:oak_leaves":27,"regions_unexplored:flowering_shrub":1},"minecraft:custom":{"minecraft:time_since_rest":1305,"minecraft:sprint_one_cm":5414,"minecraft:damage_taken":1589,"minecraft:walk_one_cm":100380,"minecraft:mob_kills":2,"minecraft:damage_dealt":614,"minecraft:swim_one_cm":690,"minecraft:interact_with_crafting_table":5,"minecraft:fly_one_cm":3424,"minecraft:play_time":41300,"minecraft:deaths":5,"minecraft:sneak_time":51,"minecraft:walk_under_water_one_cm":8354,"minecraft:jump":382,"minecraft:leave_game":1,"minecraft:time_since_death":1269,"minecraft:walk_on_water_one_cm":39423,"minecraft:total_world_time":41300,"minecraft:climb_one_cm":8676,"minecraft:fall_one_cm":16318},"minecraft:used":{"minecraft:wooden_axe":27,"regions_unexplored:redwood_log":18,"minecraft:stone_axe":140,"regions_unexplored:redwood_planks":15,"minecraft:crafting_table":1}},"DataVersion":3465}