{"stats":{"minecraft:picked_up":{"minecraft:wooden_axe":1,"minecraft:stick":65,"minecraft:crafting_table":1,"minecraft:stone_axe":1,"minecraft:wheat_seeds":1,"regions_unexplored:flowering_shrub":1,"regions_unexplored:redwood_sapling":77,"born_in_chaos_v1:rotten_fish":1,"regions_unexplored:redwood_planks":192,"minecraft:oak_sapling":2,"minecraft:cobblestone":1,"alexsmobs:animal_dictionary":2,"minecraft:dirt":10,"regions_unexplored:redwood_log":467},"minecraft:broken":{"minecraft:wooden_axe":1},"minecraft:mined":{"minecraft:grass":2,"regions_unexplored:redwood_log":1,"treechop:chopped_log":2,"regions_unexplored:flowering_shrub":1},"minecraft:custom":{"minecraft:time_since_rest":14162,"minecraft:play_time":17300,"minecraft:sprint_one_cm":4336,"minecraft:walk_one_cm":44946,"minecraft:damage_taken":453,"minecraft:deaths":1,"minecraft:walk_under_water_one_cm":3129,"minecraft:jump":167,"minecraft:damage_dealt":10,"minecraft:leave_game":1,"minecraft:walk_on_water_one_cm":20932,"minecraft:time_since_death":14119,"minecraft:total_world_time":17300,"minecraft:swim_one_cm":408,"minecraft:interact_with_crafting_table":1,"minecraft:fall_one_cm":5364,"minecraft:fly_one_cm":1751},"minecraft:used":{"minecraft:stone_axe":35,"minecraft:wooden_axe":27,"regions_unexplored:redwood_log":18}},"DataVersion":3465}