{"stats":{"minecraft:dropped":{"minecraft:soul_lantern":6,"minecraft:lantern":5,"minecraft:iron_chestplate":1,"gravestone:obituary":2},"minecraft:used":{"regions_unexplored:redwood_sign":2,"minecraft:stone_pickaxe":64,"regions_unexplored:redwood_planks":104,"minecraft:crafting_table":1,"minecraft:wooden_axe":27,"regions_unexplored:redwood_log":18,"minecraft:bread":2,"minecraft:iron_pickaxe":80,"minecraft:stone_axe":140,"regions_unexplored:redwood_trapdoor":1},"minecraft:broken":{"minecraft:wooden_axe":1},"minecraft:crafted":{"minecraft:crafting_table":1,"regions_unexplored:redwood_slab":6,"regions_unexplored:redwood_pressure_plate":1,"regions_unexplored:redwood_planks":532,"minecraft:iron_axe":1,"regions_unexplored:flowering_sapling":2,"minecraft:iron_pickaxe":1,"cataclysm:stone_pillar":2,"minecraft:stone_pickaxe":1,"regions_unexplored:redwood_trapdoor":2,"regions_unexplored:redwood_sign":3,"regions_unexplored:redwood_stairs":4},"minecraft:custom":{"minecraft:interact_with_furnace":8,"minecraft:mob_kills":14,"minecraft:interact_with_crafting_table":21,"minecraft:damage_dealt_resisted":17,"minecraft:leave_game":2,"minecraft:time_since_death":356,"minecraft:sleep_in_bed":5,"minecraft:climb_one_cm":8676,"minecraft:time_since_rest":387,"minecraft:sprint_one_cm":10450,"minecraft:damage_taken":3909,"minecraft:walk_one_cm":213448,"minecraft:drop":5,"minecraft:damage_dealt":1869,"minecraft:swim_one_cm":690,"minecraft:fly_one_cm":6566,"minecraft:open_chest":22,"minecraft:play_time":98064,"minecraft:deaths":13,"minecraft:sneak_time":51,"minecraft:walk_under_water_one_cm":8354,"minecraft:jump":661,"minecraft:walk_on_water_one_cm":39423,"minecraft:total_world_time":98064,"minecraft:fall_one_cm":19346},"minecraft:killed_by":{"minecraft:spider":1,"minecraft:zombie":1,"born_in_chaos_v1:swarmer":2,"born_in_chaos_v1:corpse_fly":5,"born_in_chaos_v1:dread_hound":1},"minecraft:mined":{"regions_unexplored:redwood_trapdoor":1,"minecraft:crafting_table":2,"gravestone:gravestone":8,"minecraft:cyan_bed":1,"minecraft:sugar_cane":1,"regions_unexplored:redwood_planks":1,"treechop:chopped_log":2,"minecraft:grass":19,"minecraft:oak_log":1,"regions_unexplored:medium_grass":26,"regions_unexplored:redwood_log":18,"minecraft:oak_leaves":27,"regions_unexplored:flowering_shrub":1},"minecraft:picked_up":{"minecraft:wooden_axe":1,"born_in_chaos_v1:corpse_maggot":12,"minecraft:crafting_table":3,"minecraft:iron_chestplate":2,"minecraft:repeater":37,"born_in_chaos_v1:monster_flesh":1,"minecraft:redstone_lamp":22,"regions_unexplored:flowering_shrub":1,"minecraft:filled_map":1,"paraglider:spirit_orb":12,"alexsmobs:cachalot_whale_tooth":1,"minecraft:mushroom_stew":3,"gravestone:obituary":3,"minecraft:dirt":10,"minecraft:lantern":5,"minecraft:sticky_piston":7,"minecraft:bone":27,"minecraft:wheat_seeds":8,"minecraft:comparator":19,"minecraft:bucket":1,"minecraft:iron_ingot":5,"regions_unexplored:redwood_sapling":77,"minecraft:calcite":9,"minecraft:glass_bottle":1,"regions_unexplored:redwood_planks":194,"minecraft:coal_block":6,"minecraft:piston":1,"regions_unexplored:redwood_log":484,"minecraft:furnace":7,"minecraft:stick":65,"scalinghealth:heart_crystal_shard":11,"minecraft:stone":49,"regions_unexplored:redwood_trapdoor":1,"minecraft:cake":1,"minecraft:ink_sac":30,"regions_unexplored:chalk":3,"minecraft:cyan_bed":1,"minecraft:redstone":42,"alexsmobs:animal_dictionary":2,"minecraft:arrow":58,"minecraft:rotten_flesh":22,"minecraft:slime_ball":2,"minecraft:stone_axe":1,"minecraft:pumpkin_pie":2,"minecraft:soul_lantern":6,"knightquest:small_essence":24,"minecraft:bread":29,"minecraft:golden_horse_armor":1,"minecraft:saddle":1,"minecraft:gold_ingot":9,"minecraft:emerald":10,"minecraft:oak_sapling":3,"born_in_chaos_v1:rotten_fish":1,"minecraft:coal":5,"minecraft:cobblestone":1},"minecraft:killed":{"born_in_chaos_v1:swarmer":1,"born_in_chaos_v1:maggot":1,"minecraft:zombie":1,"born_in_chaos_v1:corpse_fly":9}},"DataVersion":3465}