{"stats":{"minecraft:used":{"minecraft:stone_pickaxe":65,"minecraft:stone_axe":34,"minecraft:mossy_cobblestone":1,"minecraft:crafting_table":1},"minecraft:killed_by":{"minecraft:player":1},"minecraft:custom":{"minecraft:time_since_rest":24032,"minecraft:sprint_one_cm":3952,"minecraft:damage_taken":755,"minecraft:walk_one_cm":72721,"minecraft:mob_kills":1,"minecraft:drop":1,"minecraft:damage_dealt":141,"minecraft:interact_with_crafting_table":3,"minecraft:fly_one_cm":1048,"minecraft:open_barrel":1,"minecraft:crouch_one_cm":217,"minecraft:play_time":37100,"minecraft:deaths":2,"minecraft:sneak_time":110,"minecraft:walk_under_water_one_cm":1585,"minecraft:jump":238,"minecraft:interact_with_stonecutter":1,"minecraft:leave_game":2,"minecraft:time_since_death":23928,"minecraft:walk_on_water_one_cm":6114,"minecraft:total_world_time":37100,"minecraft:fall_one_cm":11382},"minecraft:dropped":{"gravestone:obituary":1},"minecraft:killed":{"born_in_chaos_v1:zombie_lumberjack":1},"minecraft:picked_up":{"minecraft:stripped_oak_log":1,"minecraft:crafting_table":2,"minecraft:gravel":9,"regions_unexplored:chalk":12,"regions_unexplored:daisy":1,"regions_unexplored:tassel":1,"minecraft:mossy_cobblestone":2,"minecraft:bone":1,"minecraft:stone_axe":1,"minecraft:candle":4,"minecraft:stone_pickaxe":1,"spelunkers_charm:rock":1,"minecraft:coal":14,"minecraft:cobblestone":39,"regions_unexplored:redwood_log":151},"minecraft:mined":{"minecraft:podzol":2,"minecraft:mossy_cobblestone":2,"minecraft:candle":1,"treechop:chopped_log":1,"minecraft:crafting_table":2,"minecraft:glow_lichen":2,"minecraft:coal_ore":13,"minecraft:gravel":1,"minecraft:stripped_oak_log":1,"regions_unexplored:chalk":12,"regions_unexplored:daisy":1,"minecraft:stone":23,"spelunkers_charm:rock_pile_1":1,"regions_unexplored:tassel":2}},"DataVersion":3465}