{"stats":{"minecraft:picked_up":{"minecraft:wooden_axe":1},"minecraft:mined":{"minecraft:grass":2},"minecraft:custom":{"minecraft:jump":4,"minecraft:time_since_rest":2162,"minecraft:damage_dealt":10,"minecraft:sprint_one_cm":25,"minecraft:deaths":1,"minecraft:leave_game":1,"minecraft:play_time":5300,"minecraft:damage_taken":240,"minecraft:time_since_death":2119,"minecraft:walk_one_cm":3615,"minecraft:total_world_time":5300,"minecraft:fall_one_cm":3177,"minecraft:fly_one_cm":40},"minecraft:used":{"minecraft:wooden_axe":7}},"DataVersion":3465}