{"stats":{"minecraft:broken":{"minecraft:wooden_axe":1},"minecraft:used":{"minecraft:iron_shovel":176,"minecraft:iron_sword":30,"minecraft:chest":10,"minecraft:stone":3,"handcrafted:stackable_book":7,"born_in_chaos_v1:smoked_flesh":8,"regions_unexplored:blue_bioshroom":1,"minecraft:red_carpet":3,"biomesoplenty:flesh":1,"minecraft:stone_pickaxe":64,"minecraft:diamond_axe":65,"regions_unexplored:chalk":8,"regions_unexplored:redwood_planks":420,"regions_unexplored:redwood_door":1,"waystones:waystone":1,"regions_unexplored:redwood_log":34,"minecraft:melon_slice":4,"minecraft:cyan_bed":7,"minecraft:bread":5,"minecraft:stone_shovel":4,"minecraft:netherrack":13,"minecraft:torch":5,"minecraft:dirt":2,"scalinghealth:heart_crystal":1,"minecraft:wooden_axe":27,"handcrafted:cherry_nightstand":2,"minecraft:iron_axe":82,"minecraft:cherry_slab":4,"minecraft:jungle_log":2,"minecraft:bundle":1,"regions_unexplored:redwood_sign":6,"minecraft:baked_potato":7,"regions_unexplored:peat_dirt":5,"minecraft:gilded_blackstone":2,"regions_unexplored:tall_pink_bioshroom":1,"cataclysm:stone_pillar":2,"minecraft:crafting_table":2,"minecraft:painting":3,"regions_unexplored:redwood_shrub":1,"minecraft:cake":2,"minecraft:iron_pickaxe":419,"minecraft:stone_axe":140,"minecraft:blue_carpet":1,"regions_unexplored:redwood_trapdoor":3,"minecraft:cherry_stairs":1,"minecraft:cobblestone":4,"minecraft:potion":3,"minecraft:purple_bed":3,"minecraft:purple_carpet":4},"minecraft:killed_by":{"undead_revamp2:the_moonflower":1,"minecraft:creeper":1,"born_in_chaos_v1:corpse_fly":5,"minecraft:zombie":3,"undead_revamp2:thesmoker":1,"minecraft:illusioner":1,"minecraft:spider":1,"born_in_chaos_v1:swarmer":2,"knightquest:gremlin":1,"born_in_chaos_v1:zombie_clown":1,"undead_revamp2:thespitter":2,"born_in_chaos_v1:corpse_fish":1,"born_in_chaos_v1:door_knight":2,"born_in_chaos_v1:dread_hound":2},"minecraft:dropped":{"minecraft:iron_sword":1,"minecraft:glass_bottle":4,"minecraft:crafting_table":1,"minecraft:dark_oak_sapling":1,"regions_unexplored:pine_shrub":2,"minecraft:lantern":5,"minecraft:item_frame":1,"minecraft:red_mushroom":1,"paraglider:spirit_orb":25,"sophisticatedbackpacks:gold_backpack":1,"minecraft:dirt":3,"relics:leather_belt":1,"gravestone:obituary":6,"minecraft:sand":100,"minecraft:iron_pickaxe":4,"minecraft:fermented_spider_eye":2,"minecraft:bone":4,"minecraft:pink_dye":1,"minecraft:soul_lantern":6,"minecraft:rotten_flesh":7,"regions_unexplored:redwood_planks":426,"born_in_chaos_v1:corpse_maggot":9,"minecraft:arrow":4,"minecraft:bread":1,"minecraft:wheat_seeds":3,"minecraft:brewing_stand":1,"minecraft:melon_slice":9,"regions_unexplored:redwood_log":64,"minecraft:iron_axe":1,"minecraft:iron_shovel":1,"minecraft:sweet_berries":4,"minecraft:hay_block":38,"minecraft:stone":28,"minecraft:peony":7,"minecraft:iron_chestplate":1,"minecraft:purple_bed":1,"minecraft:carved_pumpkin":2,"minecraft:bamboo":14,"minecraft:slime_ball":9,"relics:arrow_quiver":1,"minecraft:bow":2,"minecraft:stone_pickaxe":1},"minecraft:custom":{"minecraft:interact_with_crafting_table":53,"minecraft:open_barrel":31,"minecraft:eat_cake_slice":2,"minecraft:leave_game":11,"minecraft:time_since_death":11201,"minecraft:sprint_one_cm":100931,"minecraft:drop":72,"minecraft:play_time":549715,"minecraft:deaths":29,"minecraft:jump":4751,"minecraft:interact_with_brewingstand":3,"minecraft:walk_on_water_one_cm":229298,"minecraft:interact_with_furnace":54,"minecraft:sleep_in_bed":18,"minecraft:waystone_activated":4,"minecraft:damage_dealt":4306,"minecraft:crouch_one_cm":1610,"corail_woodcutter:interact_with_sawmill":2,"minecraft:mob_kills":27,"minecraft:damage_dealt_resisted":75,"minecraft:climb_one_cm":47281,"minecraft:walk_one_cm":1472778,"minecraft:sneak_time":1054,"minecraft:walk_under_water_one_cm":44447,"minecraft:total_world_time":549715,"minecraft:interact_with_stonecutter":3,"minecraft:time_since_rest":10679,"minecraft:damage_taken":12731,"minecraft:swim_one_cm":5785,"minecraft:fly_one_cm":166926,"minecraft:open_chest":229,"minecraft:fall_one_cm":94324},"minecraft:picked_up":{"minecraft:wooden_axe":1,"minecraft:iron_chestplate":4,"gnumus:gnumus_claw":2,"minecraft:potion":5,"minecraft:gilded_blackstone":8,"minecraft:brewing_stand":1,"minecraft:iron_leggings":2,"minecraft:sticky_piston":7,"minecraft:shroomlight":4,"minecraft:gold_nugget":58,"farmersdelight:cabbage":1,"minecraft:comparator":19,"minecraft:bucket":1,"minecraft:spruce_planks":1,"minecraft:calcite":9,"minecraft:iron_pickaxe":8,"minecraft:furnace":7,"regions_unexplored:redwood_log":749,"minecraft:melon_slice":51,"minecraft:coal_block":6,"farmersdelight:cabbage_seeds":3,"regions_unexplored:pine_shrub":4,"minecraft:iron_boots":2,"minecraft:golden_helmet":2,"minecraft:stick":132,"minecraft:torch":5,"minecraft:porkchop":6,"regions_unexplored:daisy":1,"minecraft:rotten_flesh":41,"minecraft:carved_pumpkin":3,"handcrafted:cherry_nightstand":1,"regions_unexplored:redwood_sign":3,"cataclysm:stone_pillar":4,"minecraft:cobblestone":34,"paraglider:paraglider":3,"relics:roller_skates":2,"minecraft:repeater":37,"minecraft:jungle_log":2,"regions_unexplored:flowering_shrub":1,"minecraft:potato":46,"paraglider:spirit_orb":73,"minecraft:flint":5,"minecraft:dirt":16,"minecraft:lantern":6,"minecraft:purple_carpet":4,"minecraft:bone":50,"undead_revamp2:blacpetalblock":1,"minecraft:bow":4,"minecraft:wheat_seeds":12,"minecraft:glowstone_dust":4,"minecraft:bamboo":21,"regions_unexplored:tall_blue_bioshroom":2,"minecraft:warped_wart_block":16,"regions_unexplored:redwood_trapdoor":1,"minecraft:sand":100,"minecraft:ink_sac":30,"regions_unexplored:chalk":155,"minecraft:cyan_bed":7,"minecraft:fermented_spider_eye":2,"regions_unexplored:pink_lupine":1,"alexsmobs:animal_dictionary":2,"handcrafted:stackable_book":7,"regions_unexplored:tall_pink_bioshroom":3,"minecraft:soul_lantern":6,"waystones:waystone":1,"regions_unexplored:clover":2,"regions_unexplored:redwood_shrub":1,"knightquest:small_essence":36,"minecraft:bone_meal":1,"minecraft:bread":84,"minecraft:golden_horse_armor":1,"minecraft:emerald":10,"minecraft:cherry_slab":4,"minecraft:oak_sapling":3,"born_in_chaos_v1:rotten_fish":1,"minecraft:netherrack":25,"minecraft:crimson_roots":1,"regions_unexplored:flowering_sapling":1,"sophisticatedbackpacks:gold_backpack":1,"minecraft:crafting_table":6,"minecraft:redstone_lamp":22,"biomesoplenty:flesh":1,"regions_unexplored:blue_bioshroom":2,"gravestone:obituary":7,"farmersdelight:diamond_knife":1,"relics:leather_belt":4,"minecraft:iron_axe":2,"minecraft:item_frame":1,"minecraft:iron_shovel":3,"regions_unexplored:redwood_planks":291,"regions_unexplored:redwood_slab":2,"minecraft:chest":8,"minecraft:piston":1,"minecraft:dark_oak_sapling":2,"minecraft:cherry_stairs":1,"minecraft:stone":77,"regions_unexplored:blue_lupine":1,"minecraft:polished_blackstone_bricks":1,"minecraft:cake":1,"minecraft:redstone":42,"minecraft:blue_carpet":4,"minecraft:arrow":77,"minecraft:stone_shovel":1,"regions_unexplored:redwood_stairs":1,"minecraft:pumpkin_pie":2,"minecraft:peony":14,"minecraft:shears":2,"relics:arrow_quiver":1,"minecraft:hay_block":76,"minecraft:glistering_melon_slice":16,"minecraft:saddle":1,"minecraft:gold_ingot":9,"born_in_chaos_v1:corpse_maggot":22,"regions_unexplored:peat_dirt":5,"born_in_chaos_v1:monster_flesh":1,"minecraft:salmon":2,"minecraft:red_mushroom":5,"minecraft:filled_map":1,"alexsmobs:cachalot_whale_tooth":1,"minecraft:mushroom_stew":3,"regions_unexplored:red_lupine":1,"scalinghealth:heart_crystal":1,"regions_unexplored:tassel":1,"minecraft:red_carpet":11,"minecraft:iron_ingot":9,"born_in_chaos_v1:smoked_flesh":44,"regions_unexplored:redwood_sapling":90,"minecraft:glass_bottle":2,"minecraft:iron_sword":2,"minecraft:book":5,"scalinghealth:heart_crystal_shard":11,"minecraft:sweet_berries":4,"minecraft:quartz":93,"minecraft:spyglass":1,"minecraft:gravel":76,"minecraft:purple_bed":5,"minecraft:stone_axe":1,"minecraft:slime_ball":9,"minecraft:iron_helmet":2,"minecraft:diamond_axe":2,"minecraft:painting":3,"minecraft:warped_roots":2,"minecraft:baked_potato":8,"minecraft:pink_dye":1,"minecraft:coal":6},"minecraft:crafted":{"minecraft:stone":67,"minecraft:glass":4,"regions_unexplored:flowering_sapling":2,"cataclysm:stone_pillar":2,"minecraft:chest":2,"minecraft:crafting_table":1,"regions_unexplored:redwood_pressure_plate":1,"minecraft:iron_chestplate":1,"minecraft:purple_dye":2,"minecraft:stick":24,"minecraft:iron_ingot":2,"minecraft:iron_pickaxe":6,"regions_unexplored:redwood_door":3,"minecraft:gold_ingot":2,"minecraft:stone_shovel":1,"regions_unexplored:redwood_slab":6,"minecraft:pink_dye":1,"minecraft:iron_axe":1,"minecraft:stone_pickaxe":1,"minecraft:purple_carpet":2,"regions_unexplored:redwood_stairs":4,"minecraft:red_dye":1,"minecraft:blue_dye":1,"regions_unexplored:redwood_planks":1272,"regions_unexplored:redwood_trapdoor":4,"regions_unexplored:redwood_sign":3},"minecraft:killed":{"born_in_chaos_v1:zombie_lumberjack":1,"minecraft:skeleton":3,"minecraft:pig":1,"minecraft:salmon":2,"minecraft:zombie":1,"born_in_chaos_v1:corpse_fly":9,"born_in_chaos_v1:maggot":3,"born_in_chaos_v1:spiritof_chaos":1,"born_in_chaos_v1:swarmer":1,"undead_revamp2:the_moonflower":2},"minecraft:mined":{"minecraft:blue_carpet":4,"regions_unexplored:blue_lupine":1,"regions_unexplored:pink_bioshroom_block":2,"minecraft:jungle_leaves":2,"minecraft:brewing_stand":1,"minecraft:carved_pumpkin":1,"cataclysm:stone_pillar":2,"minecraft:grass_block":5,"regions_unexplored:pine_shrub":1,"regions_unexplored:blue_bioshroom":1,"minecraft:gilded_blackstone":10,"biomesoplenty:pus_bubble":3,"minecraft:polished_blackstone_bricks":2,"minecraft:magma_block":1,"minecraft:glowstone":2,"regions_unexplored:redwood_planks":17,"biomesoplenty:flesh_tendons":1,"minecraft:cave_vines":1,"minecraft:purple_carpet":4,"regions_unexplored:chalk":121,"regions_unexplored:red_lupine":1,"regions_unexplored:redwood_trapdoor":1,"minecraft:melon":8,"minecraft:chest":8,"minecraft:nether_quartz_ore":68,"minecraft:cyan_bed":8,"minecraft:sugar_cane":1,"regions_unexplored:redwood_wall_sign":3,"minecraft:wall_torch":2,"minecraft:cherry_slab":3,"minecraft:warped_nylium":11,"farmersdelight:sandy_shrub":1,"minecraft:grass":29,"biomesoplenty:clover":3,"minecraft:oak_log":1,"handcrafted:cherry_nightstand":1,"regions_unexplored:peat_dirt":4,"minecraft:dirt":1,"minecraft:sand":100,"regions_unexplored:clover":1,"minecraft:red_mushroom_block":4,"minecraft:netherrack":16,"minecraft:oak_leaves":43,"regions_unexplored:tall_pink_bioshroom":2,"minecraft:nether_gold_ore":8,"minecraft:red_carpet":11,"regions_unexplored:pink_lupine":1,"gravestone:gravestone":19,"farmersdelight:wild_cabbages":3,"minecraft:red_mushroom":1,"minecraft:large_fern":1,"minecraft:nether_sprouts":1,"treechop:chopped_log":3,"biomesoplenty:flesh":1,"minecraft:peony":7,"minecraft:shroomlight":3,"regions_unexplored:medium_grass":31,"minecraft:bamboo":2,"minecraft:stone":11,"regions_unexplored:redwood_log":31,"minecraft:cherry_stairs":1,"minecraft:cake":2,"regions_unexplored:flowering_shrub":1,"minecraft:podzol":2,"regions_unexplored:redwood_shrub":1,"minecraft:scaffolding":2,"minecraft:crafting_table":3,"minecraft:warped_roots":4,"minecraft:tall_grass":2,"biomesoplenty:huge_clover_petal":1,"minecraft:warped_wart_block":8,"minecraft:purple_bed":4,"minecraft:coarse_dirt":1,"minecraft:beehive":1,"regions_unexplored:tall_blue_bioshroom":1,"minecraft:coal_ore":1,"minecraft:gravel":81,"minecraft:fern":3}},"DataVersion":3465}