{"stats":{"minecraft:broken":{"minecraft:wooden_axe":1},"minecraft:used":{"minecraft:iron_shovel":176,"minecraft:stone_shovel":4,"minecraft:chest":10,"minecraft:stone":3,"minecraft:iron_sword":30,"handcrafted:stackable_book":7,"minecraft:netherrack":13,"minecraft:torch":5,"minecraft:dirt":2,"scalinghealth:heart_crystal":1,"minecraft:wooden_axe":27,"born_in_chaos_v1:smoked_flesh":8,"handcrafted:cherry_nightstand":2,"minecraft:iron_axe":82,"minecraft:cherry_slab":4,"minecraft:jungle_log":2,"minecraft:red_carpet":3,"regions_unexplored:blue_bioshroom":1,"biomesoplenty:flesh":1,"minecraft:bundle":1,"regions_unexplored:peat_dirt":5,"regions_unexplored:redwood_sign":6,"minecraft:baked_potato":7,"minecraft:stone_pickaxe":64,"minecraft:diamond_axe":42,"minecraft:gilded_blackstone":2,"regions_unexplored:chalk":8,"regions_unexplored:tall_pink_bioshroom":1,"cataclysm:stone_pillar":2,"regions_unexplored:redwood_planks":420,"minecraft:crafting_table":2,"regions_unexplored:redwood_door":1,"minecraft:painting":3,"regions_unexplored:redwood_shrub":1,"minecraft:cake":2,"waystones:waystone":1,"regions_unexplored:redwood_log":34,"minecraft:bread":5,"minecraft:cyan_bed":7,"minecraft:melon_slice":4,"minecraft:iron_pickaxe":416,"minecraft:stone_axe":140,"minecraft:blue_carpet":1,"regions_unexplored:redwood_trapdoor":3,"minecraft:potion":3,"minecraft:purple_bed":3,"minecraft:cobblestone":4,"minecraft:cherry_stairs":1,"minecraft:purple_carpet":4},"minecraft:killed_by":{"undead_revamp2:the_moonflower":1,"minecraft:creeper":1,"minecraft:spider":1,"born_in_chaos_v1:swarmer":2,"born_in_chaos_v1:corpse_fly":5,"born_in_chaos_v1:zombie_clown":1,"minecraft:zombie":3,"born_in_chaos_v1:corpse_fish":1,"undead_revamp2:thesmoker":1,"born_in_chaos_v1:dread_hound":2,"born_in_chaos_v1:door_knight":2,"minecraft:illusioner":1},"minecraft:dropped":{"minecraft:bread":1,"minecraft:iron_sword":1,"minecraft:wheat_seeds":3,"minecraft:glass_bottle":4,"minecraft:crafting_table":1,"minecraft:dark_oak_sapling":1,"regions_unexplored:pine_shrub":2,"minecraft:lantern":5,"sophisticatedbackpacks:gold_backpack":1,"paraglider:spirit_orb":24,"minecraft:red_mushroom":1,"minecraft:dirt":3,"minecraft:brewing_stand":1,"minecraft:melon_slice":9,"regions_unexplored:redwood_log":64,"gravestone:obituary":5,"minecraft:iron_axe":1,"minecraft:sand":100,"minecraft:iron_pickaxe":4,"minecraft:iron_shovel":1,"minecraft:fermented_spider_eye":2,"minecraft:bone":4,"minecraft:sweet_berries":4,"minecraft:soul_lantern":6,"minecraft:rotten_flesh":7,"regions_unexplored:redwood_planks":426,"minecraft:hay_block":38,"minecraft:peony":7,"minecraft:iron_chestplate":1,"minecraft:purple_bed":1,"born_in_chaos_v1:corpse_maggot":9,"minecraft:bow":2,"relics:arrow_quiver":1,"minecraft:carved_pumpkin":2,"minecraft:arrow":4,"minecraft:stone_pickaxe":1,"minecraft:bamboo":14,"minecraft:slime_ball":9},"minecraft:custom":{"minecraft:mob_kills":27,"minecraft:interact_with_crafting_table":49,"minecraft:open_barrel":31,"minecraft:damage_dealt_resisted":75,"minecraft:eat_cake_slice":2,"minecraft:leave_game":10,"minecraft:time_since_death":209279,"minecraft:climb_one_cm":45166,"minecraft:sprint_one_cm":95583,"minecraft:walk_one_cm":1373376,"minecraft:drop":66,"minecraft:play_time":518761,"minecraft:deaths":26,"minecraft:sneak_time":802,"minecraft:walk_under_water_one_cm":43329,"minecraft:jump":4431,"minecraft:interact_with_brewingstand":3,"minecraft:walk_on_water_one_cm":220340,"minecraft:total_world_time":518761,"minecraft:interact_with_furnace":45,"minecraft:interact_with_stonecutter":3,"minecraft:sleep_in_bed":17,"minecraft:time_since_rest":72958,"minecraft:waystone_activated":4,"minecraft:damage_taken":10937,"minecraft:damage_dealt":3915,"minecraft:swim_one_cm":5785,"minecraft:fly_one_cm":161089,"minecraft:open_chest":202,"minecraft:crouch_one_cm":1160,"corail_woodcutter:interact_with_sawmill":2,"minecraft:fall_one_cm":90603},"minecraft:picked_up":{"minecraft:wooden_axe":1,"sophisticatedbackpacks:gold_backpack":1,"minecraft:iron_chestplate":3,"minecraft:crafting_table":5,"biomesoplenty:flesh":1,"minecraft:redstone_lamp":22,"gnumus:gnumus_claw":2,"minecraft:potion":5,"minecraft:gilded_blackstone":8,"regions_unexplored:blue_bioshroom":2,"gravestone:obituary":7,"minecraft:brewing_stand":1,"minecraft:iron_axe":1,"minecraft:iron_leggings":1,"minecraft:sticky_piston":7,"minecraft:iron_shovel":3,"minecraft:shroomlight":4,"minecraft:gold_nugget":33,"minecraft:bucket":1,"minecraft:comparator":19,"farmersdelight:cabbage":1,"minecraft:spruce_planks":1,"minecraft:iron_boots":1,"minecraft:calcite":9,"minecraft:chest":8,"minecraft:iron_pickaxe":4,"regions_unexplored:redwood_planks":291,"regions_unexplored:redwood_slab":2,"minecraft:melon_slice":51,"minecraft:coal_block":6,"minecraft:piston":1,"regions_unexplored:pine_shrub":4,"farmersdelight:cabbage_seeds":3,"regions_unexplored:redwood_log":749,"minecraft:furnace":7,"minecraft:golden_helmet":1,"minecraft:dark_oak_sapling":2,"minecraft:stick":132,"minecraft:stone":49,"minecraft:cherry_stairs":1,"minecraft:torch":5,"regions_unexplored:blue_lupine":1,"minecraft:polished_blackstone_bricks":1,"minecraft:porkchop":6,"minecraft:cake":1,"minecraft:redstone":42,"minecraft:blue_carpet":4,"minecraft:arrow":77,"minecraft:rotten_flesh":41,"regions_unexplored:redwood_stairs":1,"minecraft:pumpkin_pie":2,"minecraft:peony":14,"relics:arrow_quiver":1,"minecraft:shears":1,"minecraft:hay_block":76,"minecraft:carved_pumpkin":3,"handcrafted:cherry_nightstand":1,"minecraft:gold_ingot":9,"regions_unexplored:redwood_sign":3,"minecraft:saddle":1,"minecraft:glistering_melon_slice":16,"cataclysm:stone_pillar":4,"minecraft:cobblestone":34,"paraglider:paraglider":1,"regions_unexplored:peat_dirt":5,"born_in_chaos_v1:corpse_maggot":22,"minecraft:repeater":37,"born_in_chaos_v1:monster_flesh":1,"minecraft:jungle_log":2,"minecraft:salmon":2,"regions_unexplored:flowering_shrub":1,"minecraft:red_mushroom":4,"minecraft:potato":46,"minecraft:filled_map":1,"paraglider:spirit_orb":60,"alexsmobs:cachalot_whale_tooth":1,"minecraft:mushroom_stew":3,"minecraft:flint":5,"regions_unexplored:red_lupine":1,"scalinghealth:heart_crystal":1,"regions_unexplored:tassel":1,"minecraft:dirt":15,"minecraft:lantern":6,"minecraft:purple_carpet":4,"minecraft:red_carpet":11,"minecraft:bone":49,"undead_revamp2:blacpetalblock":1,"minecraft:bow":4,"minecraft:wheat_seeds":12,"regions_unexplored:redwood_sapling":90,"born_in_chaos_v1:smoked_flesh":41,"minecraft:iron_ingot":9,"minecraft:bamboo":21,"minecraft:glass_bottle":2,"minecraft:glowstone_dust":4,"minecraft:iron_sword":2,"minecraft:book":5,"scalinghealth:heart_crystal_shard":11,"regions_unexplored:tall_blue_bioshroom":2,"minecraft:sweet_berries":4,"minecraft:warped_wart_block":8,"minecraft:quartz":68,"minecraft:spyglass":1,"minecraft:gravel":76,"regions_unexplored:redwood_trapdoor":1,"minecraft:sand":100,"minecraft:ink_sac":30,"regions_unexplored:chalk":155,"minecraft:fermented_spider_eye":2,"minecraft:cyan_bed":7,"regions_unexplored:pink_lupine":1,"alexsmobs:animal_dictionary":2,"handcrafted:stackable_book":7,"minecraft:purple_bed":5,"minecraft:slime_ball":9,"minecraft:soul_lantern":6,"minecraft:stone_axe":1,"regions_unexplored:tall_pink_bioshroom":3,"waystones:waystone":1,"minecraft:iron_helmet":1,"regions_unexplored:clover":2,"knightquest:small_essence":36,"regions_unexplored:redwood_shrub":1,"minecraft:diamond_axe":1,"minecraft:painting":3,"minecraft:bone_meal":1,"minecraft:emerald":10,"minecraft:golden_horse_armor":1,"minecraft:bread":72,"minecraft:netherrack":25,"born_in_chaos_v1:rotten_fish":1,"minecraft:oak_sapling":3,"minecraft:cherry_slab":4,"regions_unexplored:flowering_sapling":1,"minecraft:coal":6,"minecraft:crimson_roots":1},"minecraft:crafted":{"minecraft:stone_shovel":1,"regions_unexplored:redwood_slab":6,"minecraft:stone":28,"minecraft:pink_dye":1,"minecraft:glass":4,"regions_unexplored:flowering_sapling":2,"minecraft:iron_axe":1,"cataclysm:stone_pillar":2,"minecraft:stone_pickaxe":1,"minecraft:chest":2,"minecraft:purple_carpet":2,"regions_unexplored:redwood_stairs":4,"minecraft:red_dye":1,"minecraft:crafting_table":1,"regions_unexplored:redwood_pressure_plate":1,"minecraft:blue_dye":1,"regions_unexplored:redwood_planks":1272,"minecraft:iron_chestplate":1,"minecraft:purple_dye":2,"minecraft:stick":24,"minecraft:iron_ingot":2,"minecraft:iron_pickaxe":6,"regions_unexplored:redwood_door":3,"regions_unexplored:redwood_trapdoor":4,"regions_unexplored:redwood_sign":3},"minecraft:killed":{"born_in_chaos_v1:zombie_lumberjack":1,"born_in_chaos_v1:maggot":3,"minecraft:skeleton":3,"born_in_chaos_v1:spiritof_chaos":1,"minecraft:pig":1,"born_in_chaos_v1:swarmer":1,"minecraft:salmon":2,"undead_revamp2:the_moonflower":2,"minecraft:zombie":1,"born_in_chaos_v1:corpse_fly":9},"minecraft:mined":{"minecraft:nether_gold_ore":8,"regions_unexplored:tall_pink_bioshroom":2,"minecraft:blue_carpet":4,"minecraft:red_carpet":11,"regions_unexplored:blue_lupine":1,"regions_unexplored:pink_lupine":1,"regions_unexplored:pink_bioshroom_block":2,"minecraft:jungle_leaves":2,"minecraft:brewing_stand":1,"minecraft:carved_pumpkin":1,"cataclysm:stone_pillar":2,"gravestone:gravestone":17,"minecraft:grass_block":4,"regions_unexplored:pine_shrub":1,"biomesoplenty:pus_bubble":3,"minecraft:gilded_blackstone":10,"farmersdelight:wild_cabbages":3,"minecraft:red_mushroom":1,"regions_unexplored:blue_bioshroom":1,"minecraft:large_fern":1,"minecraft:polished_blackstone_bricks":2,"minecraft:magma_block":1,"minecraft:glowstone":2,"regions_unexplored:redwood_planks":17,"treechop:chopped_log":3,"biomesoplenty:flesh":1,"biomesoplenty:flesh_tendons":1,"minecraft:peony":7,"minecraft:cave_vines":1,"minecraft:shroomlight":3,"minecraft:purple_carpet":4,"regions_unexplored:medium_grass":31,"minecraft:bamboo":2,"regions_unexplored:chalk":121,"minecraft:stone":11,"regions_unexplored:redwood_log":31,"minecraft:cherry_stairs":1,"minecraft:cake":2,"regions_unexplored:flowering_shrub":1,"minecraft:podzol":2,"regions_unexplored:redwood_shrub":1,"minecraft:scaffolding":2,"regions_unexplored:red_lupine":1,"regions_unexplored:redwood_trapdoor":1,"minecraft:crafting_table":3,"minecraft:melon":8,"minecraft:warped_roots":1,"minecraft:chest":8,"minecraft:nether_quartz_ore":68,"minecraft:tall_grass":2,"minecraft:cyan_bed":8,"biomesoplenty:huge_clover_petal":1,"minecraft:sugar_cane":1,"regions_unexplored:redwood_wall_sign":3,"minecraft:wall_torch":2,"minecraft:warped_wart_block":8,"minecraft:cherry_slab":3,"minecraft:warped_nylium":11,"minecraft:purple_bed":4,"farmersdelight:sandy_shrub":1,"minecraft:coarse_dirt":1,"minecraft:beehive":1,"minecraft:grass":29,"regions_unexplored:tall_blue_bioshroom":1,"biomesoplenty:clover":3,"minecraft:coal_ore":1,"minecraft:oak_log":1,"handcrafted:cherry_nightstand":1,"regions_unexplored:peat_dirt":4,"minecraft:sand":100,"minecraft:gravel":81,"minecraft:dirt":1,"regions_unexplored:clover":1,"minecraft:red_mushroom_block":4,"minecraft:netherrack":16,"minecraft:oak_leaves":41,"minecraft:fern":3}},"DataVersion":3465}