{"stats":{"minecraft:used":{"minecraft:stone_axe":1,"minecraft:stone_pickaxe":43},"minecraft:killed_by":{"minecraft:player":1},"minecraft:custom":{"minecraft:time_since_rest":12032,"minecraft:play_time":25100,"minecraft:sprint_one_cm":2922,"minecraft:deaths":2,"minecraft:damage_taken":532,"minecraft:walk_one_cm":54806,"minecraft:sneak_time":51,"minecraft:walk_under_water_one_cm":1585,"minecraft:mob_kills":1,"minecraft:drop":1,"minecraft:jump":183,"minecraft:damage_dealt":56,"minecraft:leave_game":2,"minecraft:walk_on_water_one_cm":6114,"minecraft:time_since_death":11928,"minecraft:total_world_time":25100,"minecraft:interact_with_crafting_table":1,"minecraft:fall_one_cm":10898,"minecraft:fly_one_cm":870},"minecraft:dropped":{"gravestone:obituary":1},"minecraft:killed":{"born_in_chaos_v1:zombie_lumberjack":1},"minecraft:picked_up":{"minecraft:crafting_table":1,"minecraft:stone_axe":1,"minecraft:gravel":1,"minecraft:stone_pickaxe":1,"regions_unexplored:chalk":12,"minecraft:coal":4,"spelunkers_charm:rock":1,"regions_unexplored:tassel":1,"regions_unexplored:daisy":1,"minecraft:cobblestone":20},"minecraft:mined":{"minecraft:podzol":1,"minecraft:coal_ore":3,"minecraft:gravel":1,"regions_unexplored:chalk":12,"minecraft:stone":22,"regions_unexplored:daisy":1,"minecraft:crafting_table":1,"spelunkers_charm:rock_pile_1":1,"regions_unexplored:tassel":2}},"DataVersion":3465}