{"stats":{"minecraft:broken":{"minecraft:wooden_axe":1},"minecraft:picked_up":{"minecraft:wooden_axe":1,"minecraft:crafting_table":3,"minecraft:iron_chestplate":3,"minecraft:redstone_lamp":22,"minecraft:potion":5,"regions_unexplored:blue_bioshroom":2,"gravestone:obituary":6,"minecraft:brewing_stand":1,"minecraft:iron_axe":1,"minecraft:iron_leggings":1,"minecraft:sticky_piston":7,"minecraft:shroomlight":4,"minecraft:comparator":19,"minecraft:bucket":1,"minecraft:spruce_planks":1,"minecraft:calcite":9,"minecraft:iron_pickaxe":4,"regions_unexplored:redwood_planks":279,"minecraft:melon_slice":51,"minecraft:coal_block":6,"minecraft:chest":8,"minecraft:piston":1,"regions_unexplored:pine_shrub":4,"regions_unexplored:redwood_log":484,"minecraft:furnace":7,"minecraft:dark_oak_sapling":2,"minecraft:stick":120,"minecraft:stone":49,"minecraft:porkchop":6,"minecraft:cake":1,"minecraft:redstone":42,"minecraft:blue_carpet":3,"minecraft:arrow":77,"minecraft:rotten_flesh":39,"minecraft:pumpkin_pie":2,"minecraft:peony":14,"minecraft:hay_block":76,"minecraft:carved_pumpkin":3,"handcrafted:cherry_nightstand":1,"minecraft:glistering_melon_slice":16,"minecraft:saddle":1,"minecraft:gold_ingot":9,"cataclysm:stone_pillar":4,"minecraft:cobblestone":11,"paraglider:paraglider":1,"born_in_chaos_v1:corpse_maggot":22,"regions_unexplored:peat_dirt":5,"minecraft:repeater":37,"born_in_chaos_v1:monster_flesh":1,"regions_unexplored:flowering_shrub":1,"minecraft:red_mushroom":2,"minecraft:potato":46,"minecraft:filled_map":1,"paraglider:spirit_orb":60,"alexsmobs:cachalot_whale_tooth":1,"minecraft:mushroom_stew":3,"minecraft:dirt":11,"minecraft:lantern":6,"minecraft:red_carpet":8,"minecraft:bone":47,"undead_revamp2:blacpetalblock":1,"minecraft:bow":4,"minecraft:wheat_seeds":12,"born_in_chaos_v1:smoked_flesh":41,"minecraft:iron_ingot":9,"regions_unexplored:redwood_sapling":77,"minecraft:glowstone_dust":4,"minecraft:glass_bottle":1,"minecraft:bamboo":21,"minecraft:book":5,"scalinghealth:heart_crystal_shard":11,"regions_unexplored:tall_blue_bioshroom":2,"minecraft:sweet_berries":4,"regions_unexplored:redwood_trapdoor":1,"minecraft:ink_sac":30,"regions_unexplored:chalk":5,"minecraft:cyan_bed":5,"minecraft:fermented_spider_eye":2,"alexsmobs:animal_dictionary":2,"minecraft:purple_bed":4,"minecraft:slime_ball":9,"minecraft:stone_axe":1,"regions_unexplored:tall_pink_bioshroom":3,"minecraft:soul_lantern":6,"waystones:waystone":1,"knightquest:small_essence":34,"minecraft:painting":3,"minecraft:emerald":10,"minecraft:golden_horse_armor":1,"minecraft:bread":66,"minecraft:oak_sapling":3,"born_in_chaos_v1:rotten_fish":1,"minecraft:crimson_roots":1,"minecraft:coal":5,"regions_unexplored:flowering_sapling":1},"minecraft:mined":{"regions_unexplored:tall_pink_bioshroom":2,"minecraft:blue_carpet":3,"minecraft:red_carpet":8,"regions_unexplored:pink_bioshroom_block":2,"minecraft:jungle_leaves":2,"minecraft:brewing_stand":1,"minecraft:carved_pumpkin":1,"cataclysm:stone_pillar":2,"gravestone:gravestone":14,"regions_unexplored:pine_shrub":1,"minecraft:red_mushroom":1,"regions_unexplored:blue_bioshroom":1,"minecraft:large_fern":1,"minecraft:glowstone":1,"regions_unexplored:redwood_planks":12,"treechop:chopped_log":2,"minecraft:peony":7,"minecraft:cave_vines":1,"minecraft:shroomlight":2,"regions_unexplored:medium_grass":27,"minecraft:bamboo":2,"regions_unexplored:chalk":2,"minecraft:stone":1,"regions_unexplored:redwood_log":18,"minecraft:cake":1,"regions_unexplored:flowering_shrub":1,"minecraft:scaffolding":2,"regions_unexplored:redwood_trapdoor":1,"minecraft:crafting_table":2,"minecraft:melon":8,"minecraft:chest":8,"minecraft:tall_grass":2,"minecraft:cyan_bed":6,"biomesoplenty:huge_clover_petal":1,"minecraft:sugar_cane":1,"minecraft:purple_bed":3,"minecraft:coarse_dirt":1,"minecraft:beehive":1,"minecraft:grass":24,"regions_unexplored:tall_blue_bioshroom":1,"biomesoplenty:clover":3,"minecraft:oak_log":1,"minecraft:coal_ore":1,"handcrafted:cherry_nightstand":1,"regions_unexplored:peat_dirt":4,"minecraft:dirt":1,"minecraft:oak_leaves":27,"minecraft:fern":2},"minecraft:killed":{"born_in_chaos_v1:maggot":3,"minecraft:skeleton":2,"born_in_chaos_v1:spiritof_chaos":1,"minecraft:pig":1,"born_in_chaos_v1:swarmer":1,"undead_revamp2:the_moonflower":1,"minecraft:zombie":1,"born_in_chaos_v1:corpse_fly":9},"minecraft:used":{"minecraft:chest":10,"minecraft:stone":3,"minecraft:dirt":1,"minecraft:wooden_axe":27,"born_in_chaos_v1:smoked_flesh":8,"handcrafted:cherry_nightstand":1,"minecraft:iron_axe":26,"regions_unexplored:blue_bioshroom":1,"minecraft:bundle":1,"regions_unexplored:redwood_sign":2,"minecraft:stone_pickaxe":64,"regions_unexplored:peat_dirt":5,"regions_unexplored:chalk":1,"regions_unexplored:tall_pink_bioshroom":1,"cataclysm:stone_pillar":2,"regions_unexplored:redwood_planks":112,"minecraft:crafting_table":1,"regions_unexplored:redwood_door":1,"minecraft:painting":3,"minecraft:cake":1,"waystones:waystone":1,"regions_unexplored:redwood_log":18,"minecraft:bread":4,"minecraft:cyan_bed":4,"minecraft:melon_slice":4,"minecraft:iron_pickaxe":144,"minecraft:stone_axe":140,"regions_unexplored:redwood_trapdoor":3,"minecraft:potion":3,"minecraft:purple_bed":3},"minecraft:killed_by":{"undead_revamp2:the_moonflower":1,"minecraft:creeper":1,"minecraft:spider":1,"born_in_chaos_v1:swarmer":2,"born_in_chaos_v1:corpse_fly":5,"born_in_chaos_v1:zombie_clown":1,"minecraft:zombie":1,"born_in_chaos_v1:corpse_fish":1,"undead_revamp2:thesmoker":1,"born_in_chaos_v1:door_knight":2,"born_in_chaos_v1:dread_hound":2,"minecraft:illusioner":1},"minecraft:custom":{"minecraft:mob_kills":21,"minecraft:interact_with_crafting_table":33,"minecraft:damage_dealt_resisted":75,"minecraft:eat_cake_slice":2,"minecraft:leave_game":4,"minecraft:time_since_death":95133,"minecraft:climb_one_cm":16923,"minecraft:sprint_one_cm":34041,"minecraft:walk_one_cm":848242,"minecraft:drop":46,"minecraft:play_time":276808,"minecraft:deaths":23,"minecraft:sneak_time":51,"minecraft:walk_under_water_one_cm":28365,"minecraft:interact_with_brewingstand":2,"minecraft:jump":2825,"minecraft:walk_on_water_one_cm":167781,"minecraft:total_world_time":276808,"minecraft:interact_with_furnace":22,"minecraft:sleep_in_bed":12,"minecraft:time_since_rest":915,"minecraft:waystone_activated":2,"minecraft:damage_taken":8804,"minecraft:damage_dealt":2755,"minecraft:swim_one_cm":2651,"minecraft:fly_one_cm":38104,"minecraft:open_chest":70,"minecraft:fall_one_cm":69304},"minecraft:dropped":{"minecraft:bread":1,"minecraft:wheat_seeds":3,"minecraft:glass_bottle":4,"minecraft:dark_oak_sapling":1,"regions_unexplored:pine_shrub":2,"minecraft:lantern":5,"paraglider:spirit_orb":24,"minecraft:red_mushroom":1,"minecraft:brewing_stand":1,"minecraft:melon_slice":9,"gravestone:obituary":4,"minecraft:iron_axe":1,"minecraft:iron_pickaxe":4,"minecraft:fermented_spider_eye":2,"minecraft:bone":4,"minecraft:sweet_berries":4,"minecraft:soul_lantern":6,"minecraft:rotten_flesh":7,"regions_unexplored:redwood_planks":61,"minecraft:peony":7,"minecraft:iron_chestplate":1,"minecraft:purple_bed":1,"born_in_chaos_v1:corpse_maggot":9,"minecraft:carved_pumpkin":2,"minecraft:bamboo":14,"minecraft:slime_ball":9,"minecraft:bow":2,"minecraft:arrow":4,"minecraft:stone_pickaxe":1},"minecraft:crafted":{"regions_unexplored:redwood_slab":6,"regions_unexplored:flowering_sapling":2,"minecraft:iron_axe":1,"cataclysm:stone_pillar":2,"minecraft:stone_pickaxe":1,"minecraft:chest":2,"regions_unexplored:redwood_stairs":4,"minecraft:crafting_table":1,"regions_unexplored:redwood_pressure_plate":1,"regions_unexplored:redwood_planks":532,"minecraft:iron_pickaxe":2,"regions_unexplored:redwood_door":3,"regions_unexplored:redwood_trapdoor":4,"regions_unexplored:redwood_sign":3}},"DataVersion":3465}