{"stats":{"minecraft:dropped":{"minecraft:soul_lantern":6,"minecraft:lantern":5,"minecraft:iron_chestplate":1,"gravestone:obituary":3,"minecraft:iron_pickaxe":1},"minecraft:used":{"regions_unexplored:redwood_sign":2,"minecraft:stone_pickaxe":64,"minecraft:stone":3,"regions_unexplored:redwood_planks":109,"minecraft:crafting_table":1,"minecraft:wooden_axe":27,"regions_unexplored:redwood_log":18,"minecraft:iron_axe":2,"minecraft:bread":3,"minecraft:iron_pickaxe":100,"minecraft:stone_axe":140,"regions_unexplored:redwood_trapdoor":1},"minecraft:broken":{"minecraft:wooden_axe":1},"minecraft:crafted":{"minecraft:crafting_table":1,"regions_unexplored:redwood_slab":6,"regions_unexplored:redwood_pressure_plate":1,"regions_unexplored:redwood_planks":532,"minecraft:iron_axe":1,"regions_unexplored:flowering_sapling":2,"minecraft:iron_pickaxe":2,"cataclysm:stone_pillar":2,"minecraft:stone_pickaxe":1,"regions_unexplored:redwood_trapdoor":2,"regions_unexplored:redwood_sign":3,"regions_unexplored:redwood_stairs":4},"minecraft:custom":{"minecraft:interact_with_furnace":9,"minecraft:mob_kills":16,"minecraft:interact_with_crafting_table":24,"minecraft:damage_dealt_resisted":17,"minecraft:leave_game":2,"minecraft:time_since_death":4886,"minecraft:sleep_in_bed":7,"minecraft:climb_one_cm":11025,"minecraft:time_since_rest":4746,"minecraft:sprint_one_cm":13570,"minecraft:damage_taken":5283,"minecraft:walk_one_cm":350292,"minecraft:drop":7,"minecraft:damage_dealt":2011,"minecraft:swim_one_cm":2521,"minecraft:fly_one_cm":9771,"minecraft:open_chest":29,"minecraft:play_time":122064,"minecraft:deaths":17,"minecraft:sneak_time":51,"minecraft:walk_under_water_one_cm":14743,"minecraft:jump":1034,"minecraft:walk_on_water_one_cm":54971,"minecraft:total_world_time":122064,"minecraft:fall_one_cm":26841},"minecraft:killed_by":{"minecraft:creeper":1,"minecraft:spider":1,"minecraft:zombie":1,"born_in_chaos_v1:corpse_fish":1,"born_in_chaos_v1:swarmer":2,"undead_revamp2:thesmoker":1,"born_in_chaos_v1:corpse_fly":5,"born_in_chaos_v1:dread_hound":2},"minecraft:mined":{"minecraft:jungle_leaves":2,"regions_unexplored:redwood_trapdoor":1,"minecraft:crafting_table":2,"gravestone:gravestone":9,"minecraft:cyan_bed":1,"minecraft:red_mushroom":1,"minecraft:sugar_cane":1,"regions_unexplored:redwood_planks":6,"treechop:chopped_log":2,"minecraft:peony":7,"minecraft:grass":21,"minecraft:oak_log":1,"minecraft:cave_vines":1,"regions_unexplored:medium_grass":26,"minecraft:bamboo":2,"regions_unexplored:redwood_log":18,"minecraft:oak_leaves":27,"regions_unexplored:flowering_shrub":1,"minecraft:fern":1},"minecraft:picked_up":{"minecraft:wooden_axe":1,"born_in_chaos_v1:corpse_maggot":13,"minecraft:crafting_table":3,"minecraft:iron_chestplate":2,"minecraft:repeater":37,"born_in_chaos_v1:monster_flesh":1,"minecraft:redstone_lamp":22,"regions_unexplored:flowering_shrub":1,"minecraft:red_mushroom":1,"minecraft:filled_map":1,"paraglider:spirit_orb":12,"alexsmobs:cachalot_whale_tooth":1,"minecraft:mushroom_stew":3,"gravestone:obituary":4,"minecraft:dirt":10,"minecraft:lantern":5,"minecraft:sticky_piston":7,"minecraft:bone":27,"undead_revamp2:blacpetalblock":1,"minecraft:wheat_seeds":8,"minecraft:comparator":19,"minecraft:bucket":1,"minecraft:iron_ingot":5,"regions_unexplored:redwood_sapling":77,"minecraft:iron_pickaxe":1,"minecraft:calcite":9,"minecraft:glass_bottle":1,"minecraft:bamboo":7,"regions_unexplored:redwood_planks":199,"minecraft:coal_block":6,"minecraft:piston":1,"regions_unexplored:redwood_log":484,"minecraft:furnace":7,"minecraft:dark_oak_sapling":1,"minecraft:stick":66,"scalinghealth:heart_crystal_shard":11,"minecraft:stone":49,"regions_unexplored:redwood_trapdoor":1,"minecraft:cake":1,"minecraft:ink_sac":30,"regions_unexplored:chalk":3,"minecraft:cyan_bed":1,"minecraft:redstone":42,"alexsmobs:animal_dictionary":2,"minecraft:arrow":58,"minecraft:rotten_flesh":23,"minecraft:slime_ball":2,"minecraft:stone_axe":1,"minecraft:pumpkin_pie":2,"minecraft:peony":7,"minecraft:soul_lantern":6,"knightquest:small_essence":24,"minecraft:bread":29,"minecraft:golden_horse_armor":1,"minecraft:saddle":1,"minecraft:gold_ingot":9,"minecraft:emerald":10,"minecraft:oak_sapling":3,"born_in_chaos_v1:rotten_fish":1,"minecraft:coal":5,"minecraft:cobblestone":1},"minecraft:killed":{"born_in_chaos_v1:swarmer":1,"undead_revamp2:the_moonflower":1,"born_in_chaos_v1:maggot":2,"minecraft:zombie":1,"born_in_chaos_v1:corpse_fly":9}},"DataVersion":3465}