{"stats":{"minecraft:broken":{"minecraft:wooden_axe":1},"minecraft:mined":{"regions_unexplored:tall_pink_bioshroom":2,"regions_unexplored:pink_bioshroom_block":2,"minecraft:jungle_leaves":2,"minecraft:brewing_stand":1,"minecraft:carved_pumpkin":1,"gravestone:gravestone":14,"minecraft:red_mushroom":1,"regions_unexplored:redwood_planks":10,"treechop:chopped_log":2,"minecraft:peony":7,"minecraft:cave_vines":1,"minecraft:shroomlight":2,"regions_unexplored:medium_grass":26,"minecraft:bamboo":2,"regions_unexplored:redwood_log":18,"regions_unexplored:flowering_shrub":1,"regions_unexplored:redwood_trapdoor":1,"minecraft:crafting_table":2,"minecraft:melon":8,"minecraft:tall_grass":1,"minecraft:cyan_bed":1,"minecraft:sugar_cane":1,"minecraft:purple_bed":1,"minecraft:grass":22,"regions_unexplored:tall_blue_bioshroom":1,"minecraft:oak_log":1,"minecraft:coal_ore":1,"minecraft:oak_leaves":27,"minecraft:fern":2},"minecraft:killed_by":{"undead_revamp2:the_moonflower":1,"minecraft:creeper":1,"minecraft:spider":1,"born_in_chaos_v1:swarmer":2,"born_in_chaos_v1:corpse_fly":5,"born_in_chaos_v1:zombie_clown":1,"minecraft:zombie":1,"born_in_chaos_v1:corpse_fish":1,"undead_revamp2:thesmoker":1,"born_in_chaos_v1:door_knight":2,"born_in_chaos_v1:dread_hound":2,"minecraft:illusioner":1},"minecraft:dropped":{"minecraft:bread":1,"minecraft:wheat_seeds":1,"minecraft:dark_oak_sapling":1,"minecraft:lantern":5,"minecraft:red_mushroom":1,"minecraft:melon_slice":9,"gravestone:obituary":4,"minecraft:iron_pickaxe":1,"minecraft:bone":4,"minecraft:sweet_berries":4,"minecraft:soul_lantern":6,"minecraft:rotten_flesh":7,"regions_unexplored:redwood_planks":61,"minecraft:peony":7,"minecraft:iron_chestplate":1,"born_in_chaos_v1:corpse_maggot":9,"minecraft:carved_pumpkin":2,"minecraft:bamboo":14,"minecraft:slime_ball":9,"minecraft:arrow":4},"minecraft:killed":{"born_in_chaos_v1:maggot":2,"born_in_chaos_v1:swarmer":1,"undead_revamp2:the_moonflower":1,"minecraft:zombie":1,"born_in_chaos_v1:corpse_fly":9},"minecraft:custom":{"minecraft:mob_kills":16,"minecraft:interact_with_crafting_table":27,"minecraft:damage_dealt_resisted":17,"minecraft:leave_game":3,"minecraft:time_since_death":14295,"minecraft:climb_one_cm":13838,"minecraft:sprint_one_cm":25523,"minecraft:walk_one_cm":619252,"minecraft:drop":29,"minecraft:play_time":195970,"minecraft:deaths":23,"minecraft:sneak_time":51,"minecraft:walk_under_water_one_cm":27253,"minecraft:jump":1924,"minecraft:interact_with_brewingstand":2,"minecraft:walk_on_water_one_cm":155083,"minecraft:total_world_time":195970,"minecraft:interact_with_furnace":19,"minecraft:sleep_in_bed":8,"minecraft:time_since_rest":14376,"minecraft:damage_taken":7458,"minecraft:damage_dealt":2059,"minecraft:swim_one_cm":2651,"minecraft:fly_one_cm":22645,"minecraft:open_chest":49,"minecraft:fall_one_cm":54559},"minecraft:picked_up":{"minecraft:wooden_axe":1,"minecraft:iron_chestplate":3,"minecraft:crafting_table":3,"minecraft:redstone_lamp":22,"minecraft:potion":3,"gravestone:obituary":6,"minecraft:brewing_stand":1,"minecraft:iron_leggings":1,"minecraft:sticky_piston":7,"minecraft:shroomlight":4,"minecraft:comparator":19,"minecraft:bucket":1,"minecraft:calcite":9,"minecraft:iron_pickaxe":1,"regions_unexplored:redwood_planks":229,"minecraft:melon_slice":51,"minecraft:coal_block":6,"minecraft:piston":1,"regions_unexplored:redwood_log":484,"minecraft:furnace":7,"minecraft:dark_oak_sapling":2,"minecraft:stick":66,"minecraft:stone":49,"minecraft:cake":1,"minecraft:redstone":42,"minecraft:arrow":63,"minecraft:rotten_flesh":39,"minecraft:pumpkin_pie":2,"minecraft:peony":14,"minecraft:carved_pumpkin":3,"minecraft:saddle":1,"minecraft:gold_ingot":9,"minecraft:cobblestone":6,"born_in_chaos_v1:corpse_maggot":22,"minecraft:repeater":37,"born_in_chaos_v1:monster_flesh":1,"regions_unexplored:flowering_shrub":1,"minecraft:red_mushroom":2,"minecraft:filled_map":1,"paraglider:spirit_orb":12,"alexsmobs:cachalot_whale_tooth":1,"minecraft:mushroom_stew":3,"minecraft:dirt":10,"minecraft:lantern":5,"minecraft:bone":41,"undead_revamp2:blacpetalblock":1,"minecraft:wheat_seeds":9,"born_in_chaos_v1:smoked_flesh":13,"regions_unexplored:redwood_sapling":77,"minecraft:iron_ingot":5,"minecraft:glass_bottle":1,"minecraft:bamboo":21,"minecraft:book":5,"scalinghealth:heart_crystal_shard":11,"regions_unexplored:tall_blue_bioshroom":2,"minecraft:sweet_berries":4,"regions_unexplored:redwood_trapdoor":1,"minecraft:ink_sac":30,"regions_unexplored:chalk":3,"minecraft:cyan_bed":1,"minecraft:fermented_spider_eye":2,"alexsmobs:animal_dictionary":2,"minecraft:purple_bed":1,"minecraft:slime_ball":9,"minecraft:stone_axe":1,"regions_unexplored:tall_pink_bioshroom":3,"minecraft:soul_lantern":6,"knightquest:small_essence":26,"minecraft:painting":1,"minecraft:emerald":10,"minecraft:golden_horse_armor":1,"minecraft:bread":40,"minecraft:oak_sapling":3,"born_in_chaos_v1:rotten_fish":1,"minecraft:coal":5,"minecraft:crimson_roots":1},"minecraft:crafted":{"regions_unexplored:redwood_slab":6,"regions_unexplored:flowering_sapling":2,"minecraft:iron_axe":1,"cataclysm:stone_pillar":2,"minecraft:stone_pickaxe":1,"regions_unexplored:redwood_stairs":4,"minecraft:crafting_table":1,"regions_unexplored:redwood_pressure_plate":1,"regions_unexplored:redwood_planks":532,"minecraft:iron_pickaxe":2,"regions_unexplored:redwood_door":3,"regions_unexplored:redwood_trapdoor":2,"regions_unexplored:redwood_sign":3},"minecraft:used":{"minecraft:stone":3,"minecraft:wooden_axe":27,"minecraft:iron_axe":2,"minecraft:bundle":1,"regions_unexplored:redwood_sign":2,"minecraft:stone_pickaxe":64,"regions_unexplored:tall_pink_bioshroom":1,"regions_unexplored:redwood_planks":112,"minecraft:crafting_table":1,"regions_unexplored:redwood_door":1,"regions_unexplored:redwood_log":18,"minecraft:bread":3,"minecraft:melon_slice":4,"minecraft:iron_pickaxe":104,"minecraft:stone_axe":140,"regions_unexplored:redwood_trapdoor":1,"minecraft:potion":2}},"DataVersion":3465}