{"stats":{"minecraft:used":{"alexsmobs:animal_dictionary":1},"minecraft:custom":{"minecraft:jump":13,"minecraft:time_since_rest":4823,"minecraft:leave_game":1,"minecraft:crouch_one_cm":607,"minecraft:sprint_one_cm":37,"minecraft:play_time":4823,"minecraft:time_since_death":4823,"minecraft:walk_one_cm":3662,"minecraft:sneak_time":188,"minecraft:total_world_time":4823,"minecraft:fly_one_cm":261},"minecraft:picked_up":{"regions_unexplored:redwood_sapling":20,"minecraft:stick":6,"regions_unexplored:redwood_log":39},"minecraft:mined":{"regions_unexplored:redwood_log":1,"regions_unexplored:redwood_leaves":17,"treechop:chopped_log":1},"minecraft:crafted":{"minecraft:crafting_table":1,"regions_unexplored:redwood_planks":39,"minecraft:air":157}},"DataVersion":3465}