{"stats":{"minecraft:used":{"minecraft:stone_pickaxe":56,"minecraft:wooden_pickaxe":12,"minecraft:stone_axe":23,"minecraft:crafting_table":1},"minecraft:killed_by":{"born_in_chaos_v1:zombie_lumberjack":1,"undead_revamp2:thehorrors":1},"minecraft:custom":{"minecraft:time_since_rest":13563,"minecraft:sprint_one_cm":19489,"minecraft:damage_taken":1120,"minecraft:walk_one_cm":72774,"minecraft:mob_kills":2,"minecraft:drop":3,"minecraft:damage_dealt":520,"minecraft:swim_one_cm":4065,"minecraft:interact_with_crafting_table":4,"minecraft:fly_one_cm":19256,"minecraft:player_kills":1,"minecraft:crouch_one_cm":593,"minecraft:play_time":30199,"minecraft:deaths":3,"minecraft:sneak_time":284,"minecraft:walk_under_water_one_cm":263,"minecraft:jump":291,"minecraft:leave_game":2,"minecraft:time_since_death":13540,"minecraft:walk_on_water_one_cm":1785,"minecraft:total_world_time":30199,"minecraft:fall_one_cm":7413},"minecraft:dropped":{"minecraft:stone_axe":1,"gravestone:obituary":1,"minecraft:stone_pickaxe":1},"minecraft:killed":{"born_in_chaos_v1:zombie_lumberjack":1},"minecraft:picked_up":{"minecraft:stick":19,"minecraft:jungle_log":1,"minecraft:cherry_log":2,"gravestone:obituary":1,"regions_unexplored:chalk":13,"minecraft:spruce_log":2,"minecraft:dirt":1,"minecraft:rotten_flesh":3,"minecraft:wheat_seeds":2,"regions_unexplored:redwood_sapling":18,"minecraft:coal":15,"regions_unexplored:redwood_log":62,"minecraft:cobblestone":41},"minecraft:mined":{"minecraft:large_fern":1,"treechop:chopped_log":1,"gravestone:gravestone":4,"minecraft:grass":2,"minecraft:coal_ore":16,"regions_unexplored:medium_grass":6,"regions_unexplored:chalk":13,"minecraft:stone":39},"minecraft:crafted":{"minecraft:cherry_planks":2,"minecraft:crafting_table":1,"minecraft:spruce_planks":2,"minecraft:stick":6,"minecraft:wooden_pickaxe":1,"minecraft:stone_pickaxe":2,"minecraft:stone_axe":2,"minecraft:air":50,"minecraft:jungle_planks":1}},"DataVersion":3465}