{"stats":{"minecraft:broken":{"minecraft:stone_pickaxe":4,"minecraft:stone_axe":1,"minecraft:wooden_pickaxe":1},"minecraft:mined":{"regions_unexplored:chalk_grass_block":8,"alexscaves:spelunkery_table":1,"gravestone:gravestone":10,"minecraft:cobblestone":69,"minecraft:wall_torch":5,"minecraft:large_fern":1,"minecraft:iron_ore":6,"regions_unexplored:redwood_planks":33,"treechop:chopped_log":2,"minecraft:tnt":3,"minecraft:grass":8,"minecraft:oak_log":2,"minecraft:coal_ore":48,"minecraft:lantern":2,"minecraft:gravel":11,"minecraft:dirt":27,"regions_unexplored:medium_grass":9,"regions_unexplored:chalk":251,"minecraft:stone":331,"minecraft:oak_leaves":4,"regions_unexplored:flowering_shrub":1},"minecraft:killed":{"born_in_chaos_v1:restless_spirit":1,"born_in_chaos_v1:zombie_lumberjack":1,"born_in_chaos_v1:baby_skeleton":3,"undead_revamp2:the_moonflower":1,"born_in_chaos_v1:decrepit_skeleton":1,"minecraft:skeleton":2,"undead_revamp2:therod":1},"minecraft:killed_by":{"gnumus:gnumus_hunter":1,"born_in_chaos_v1:nightmare_stalker":3,"born_in_chaos_v1:zombie_lumberjack":1,"born_in_chaos_v1:zombie_bruiser":1,"creeperoverhaul:spruce_creeper":1,"undead_revamp2:thehorrors":1},"minecraft:crafted":{"minecraft:cherry_planks":2,"minecraft:oak_planks":2,"minecraft:crafting_table":2,"minecraft:spruce_planks":2,"minecraft:wooden_pickaxe":2,"minecraft:furnace":2,"minecraft:stone":40,"minecraft:stone_axe":4,"minecraft:air":1744,"minecraft:jungle_planks":1,"regions_unexplored:redwood_planks":401,"minecraft:stick":6,"minecraft:stone_pickaxe":7,"regions_unexplored:redwood_door":1,"minecraft:chest":8,"minecraft:iron_shovel":1,"minecraft:torch":15},"minecraft:dropped":{"minecraft:stone_axe":1,"minecraft:wheat_seeds":1,"minecraft:cobblestone":179,"minecraft:oak_planks":1,"regions_unexplored:tassel":2,"regions_unexplored:redwood_planks":247,"minecraft:dirt":4,"minecraft:stone_button":1,"scalinghealth:heart_crystal":1,"minecraft:torch":7,"minecraft:spruce_planks":1,"regions_unexplored:redwood_log":186,"gravestone:obituary":5,"minecraft:stone_pickaxe":2,"undead_revamp2:blacpetalblock":1,"regions_unexplored:chalk":75},"minecraft:custom":{"minecraft:interact_with_furnace":14,"minecraft:mob_kills":11,"minecraft:interact_with_crafting_table":17,"minecraft:open_barrel":3,"minecraft:interact_with_loom":4,"minecraft:leave_game":5,"minecraft:time_since_death":36527,"minecraft:time_since_rest":36613,"minecraft:sprint_one_cm":81002,"minecraft:damage_taken":3882,"minecraft:walk_one_cm":425408,"minecraft:drop":33,"minecraft:damage_dealt":2327,"minecraft:swim_one_cm":43970,"minecraft:player_kills":1,"minecraft:fly_one_cm":95754,"minecraft:open_chest":39,"minecraft:crouch_one_cm":17649,"minecraft:play_time":101604,"minecraft:deaths":9,"minecraft:sneak_time":4915,"minecraft:walk_under_water_one_cm":8750,"minecraft:jump":1059,"minecraft:walk_on_water_one_cm":5729,"minecraft:total_world_time":101604,"minecraft:fall_one_cm":24140},"minecraft:used":{"minecraft:iron_shovel":27,"minecraft:stone_pickaxe":666,"minecraft:chest":8,"minecraft:wooden_pickaxe":60,"minecraft:stone":40,"regions_unexplored:chalk":217,"minecraft:torch":31,"minecraft:dirt":14,"regions_unexplored:redwood_planks":268,"minecraft:tnt":2,"minecraft:crafting_table":2,"regions_unexplored:redwood_door":1,"regions_unexplored:flowering_shrub":1,"minecraft:lantern":2,"minecraft:gravel":13,"minecraft:stone_axe":133,"alexscaves:spelunkery_table":1,"minecraft:cobblestone":186,"minecraft:furnace":2,"minecraft:chain":1},"minecraft:picked_up":{"minecraft:jungle_log":1,"regions_unexplored:flowering_shrub":1,"minecraft:flint":2,"minecraft:oak_log":2,"minecraft:chain":1,"gravestone:obituary":1,"scalinghealth:heart_crystal":1,"regions_unexplored:tassel":2,"minecraft:dirt":33,"minecraft:lantern":2,"minecraft:bone":6,"undead_revamp2:blacpetalblock":1,"minecraft:wheat_seeds":3,"regions_unexplored:redwood_sapling":38,"minecraft:stone_pickaxe":1,"regions_unexplored:redwood_planks":33,"regions_unexplored:redwood_log":587,"minecraft:stick":49,"minecraft:raw_iron":6,"minecraft:copper_ingot":1,"minecraft:torch":8,"minecraft:gravel":20,"minecraft:cherry_log":2,"minecraft:stone_button":1,"regions_unexplored:chalk":252,"minecraft:spruce_log":2,"minecraft:mossy_cobblestone":1,"minecraft:tnt":3,"minecraft:arrow":2,"minecraft:rotten_flesh":4,"knightquest:small_essence":1,"alexscaves:spelunkery_table":1,"minecraft:oak_sapling":1,"minecraft:coal":47,"minecraft:cobblestone":449}},"DataVersion":3465}