{"stats":{"minecraft:killed":{"born_in_chaos_v1:zombie_bruiser":1,"born_in_chaos_v1:maggot":5,"minecraft:skeleton":31,"minecraft:husk":26,"minecraft:zombie":2,"born_in_chaos_v1:dread_hound":1,"born_in_chaos_v1:corpse_fly":8},"minecraft:picked_up":{"minecraft:iron_chestplate":1,"minecraft:crafting_table":2,"minecraft:redstone_block":1,"minecraft:potion":2,"gravestone:obituary":1,"minecraft:string":4,"minecraft:red_nether_bricks":7,"minecraft:comparator":19,"bosses_of_mass_destruction:soul_star":1,"minecraft:cyan_wool":1,"minecraft:calcite":30,"minecraft:smooth_quartz":1,"minecraft:melon_slice":6,"regions_unexplored:redwood_planks":12,"regions_unexplored:redwood_slab":3,"minecraft:coal_block":8,"minecraft:chest":1,"minecraft:furnace":7,"minecraft:smooth_quartz_stairs":2,"minecraft:piston":1,"regions_unexplored:redwood_log":218,"minecraft:stick":32,"minecraft:torch":12,"minecraft:spruce_stairs":2,"minecraft:redstone":3,"minecraft:arrow":32,"minecraft:rotten_flesh":22,"minecraft:cobblestone":18,"born_in_chaos_v1:corpse_maggot":10,"minecraft:repeater":2,"born_in_chaos_v1:monster_flesh":1,"minecraft:tripwire_hook":2,"minecraft:chiseled_quartz_block":2,"paraglider:spirit_orb":16,"minecraft:oak_log":1,"regions_unexplored:redwood_door":2,"scalinghealth:heart_crystal":1,"minecraft:gray_concrete":4,"minecraft:dirt":11,"minecraft:lantern":10,"minecraft:bone":28,"minecraft:light_blue_banner":3,"minecraft:wheat_seeds":1,"regions_unexplored:redwood_sapling":10,"scalinghealth:heart_crystal_shard":11,"regions_unexplored:chalk":24,"minecraft:cyan_bed":4,"minecraft:light_gray_concrete":1,"minecraft:dispenser":1,"minecraft:soul_lantern":14,"minecraft:lever":1,"knightquest:small_essence":27,"minecraft:oak_sapling":1,"minecraft:coal":1},"minecraft:crafted":{"minecraft:redstone":1,"regions_unexplored:redwood_slab":2,"minecraft:stone_pickaxe":1,"minecraft:chest":5,"minecraft:redstone_block":4,"minecraft:crafting_table":4,"minecraft:wooden_pickaxe":1,"minecraft:iron_sword":2,"scalinghealth:heart_crystal":1,"minecraft:stone_axe":2,"minecraft:air":343,"regions_unexplored:redwood_planks":68,"minecraft:stick":3,"minecraft:iron_pickaxe":1,"regions_unexplored:redwood_door":1,"minecraft:wooden_axe":1,"minecraft:stone_sword":1,"minecraft:torch":3},"minecraft:broken":{"minecraft:stone_sword":1,"minecraft:stone_pickaxe":1,"minecraft:stone_axe":1,"minecraft:iron_sword":1},"minecraft:custom":{"minecraft:mob_kills":75,"minecraft:interact_with_crafting_table":17,"minecraft:open_barrel":7,"minecraft:damage_dealt_resisted":60,"minecraft:eat_cake_slice":14,"minecraft:leave_game":1,"minecraft:time_since_death":41076,"minecraft:climb_one_cm":39890,"minecraft:sprint_one_cm":30722,"minecraft:walk_one_cm":315128,"minecraft:drop":30,"minecraft:play_time":72586,"minecraft:deaths":2,"minecraft:sneak_time":6276,"minecraft:jump":563,"minecraft:interact_with_blast_furnace":2,"minecraft:walk_on_water_one_cm":575,"minecraft:total_world_time":72586,"minecraft:interact_with_furnace":5,"minecraft:tune_noteblock":1,"minecraft:sleep_in_bed":2,"minecraft:time_since_rest":3663,"minecraft:damage_taken":2711,"minecraft:damage_dealt":19303,"minecraft:fly_one_cm":34009,"minecraft:open_chest":70,"minecraft:crouch_one_cm":16502,"minecraft:fall_one_cm":16639,"minecraft:inspect_dispenser":2},"minecraft:killed_by":{"minecraft:husk":1,"minecraft:skeleton":1},"minecraft:dropped":{"minecraft:bread":10,"regions_unexplored:redwood_slab":1,"minecraft:wheat_seeds":1,"minecraft:glass_bottle":1,"minecraft:crafting_table":2,"minecraft:cobblestone":1,"minecraft:lantern":5,"regions_unexplored:redwood_sapling":10,"minecraft:spruce_stairs":1,"minecraft:stick":26,"minecraft:dirt":10,"minecraft:ink_sac":15,"minecraft:wooden_axe":1,"regions_unexplored:redwood_log":150,"minecraft:tripwire_hook":2,"minecraft:stone_axe":1,"minecraft:lever":1,"alexsmobs:animal_dictionary":2,"minecraft:bowl":1,"minecraft:soul_lantern":6,"regions_unexplored:redwood_planks":192,"minecraft:iron_chestplate":1,"minecraft:oak_sapling":1,"minecraft:wooden_pickaxe":1},"minecraft:mined":{"minecraft:waxed_cut_copper_slab":3,"minecraft:mossy_cobblestone":2,"regions_unexplored:redwood_slab":2,"minecraft:red_nether_bricks":8,"gravestone:gravestone":4,"minecraft:redstone_wire":3,"minecraft:coal_block":8,"minecraft:spawner":8,"minecraft:black_stained_glass_pane":2,"minecraft:light_blue_wall_banner":2,"minecraft:furnace":7,"regions_unexplored:redwood_planks":13,"treechop:chopped_log":3,"minecraft:lantern":6,"minecraft:light_gray_concrete":6,"regions_unexplored:redwood_door":1,"regions_unexplored:medium_grass":5,"minecraft:smooth_quartz_stairs":2,"regions_unexplored:chalk":7,"minecraft:stone":18,"minecraft:stripped_mangrove_wood":1,"regions_unexplored:redwood_log":2,"minecraft:cake":1,"minecraft:tripwire":4,"minecraft:podzol":4,"regions_unexplored:chalk_grass_block":20,"minecraft:redstone_block":1,"minecraft:gray_concrete":4,"minecraft:soul_lantern":8,"minecraft:chiseled_quartz_block":2,"minecraft:crafting_table":2,"minecraft:torch":5,"minecraft:calcite":42,"minecraft:melon":1,"minecraft:chest":1,"minecraft:deepslate_coal_ore":1,"minecraft:cyan_bed":4,"minecraft:iron_door":1,"minecraft:light_blue_banner":1,"minecraft:wall_torch":5,"minecraft:spruce_stairs":1,"minecraft:cyan_wool":1,"regions_unexplored:redwood_leaves":1,"minecraft:dark_prismarine_slab":1,"minecraft:grass":1,"minecraft:dirt":7,"minecraft:smooth_quartz":4,"minecraft:tripwire_hook":2,"minecraft:dispenser":1,"minecraft:piston":1,"minecraft:oak_leaves":1},"minecraft:used":{"minecraft:beetroot":2,"minecraft:light_blue_banner":3,"minecraft:stone_sword":135,"minecraft:dispenser":1,"minecraft:chest":6,"minecraft:stone":14,"minecraft:iron_sword":332,"minecraft:rotten_flesh":2,"minecraft:torch":22,"minecraft:dirt":1,"scalinghealth:heart_crystal":2,"minecraft:spruce_stairs":1,"minecraft:wooden_axe":32,"born_in_chaos_v1:corpse_maggot":7,"minecraft:lantern":5,"minecraft:smooth_quartz":1,"minecraft:redstone_lamp":7,"regions_unexplored:redwood_slab":13,"minecraft:furnace":7,"minecraft:calcite":20,"minecraft:stone_pickaxe":118,"minecraft:wooden_pickaxe":10,"minecraft:redstone_block":4,"minecraft:smooth_quartz_stairs":2,"regions_unexplored:redwood_planks":126,"minecraft:crafting_table":6,"minecraft:mushroom_stew":1,"regions_unexplored:redwood_door":3,"minecraft:cake":1,"minecraft:cyan_bed":4,"minecraft:bread":3,"minecraft:iron_pickaxe":58,"minecraft:soul_lantern":8,"minecraft:stone_axe":82,"minecraft:potion":1}},"DataVersion":3465}