{"stats":{"minecraft:broken":{"minecraft:stone_sword":1,"minecraft:stone_pickaxe":1,"minecraft:stone_axe":1,"minecraft:iron_sword":2},"minecraft:mined":{"minecraft:waxed_cut_copper_slab":3,"minecraft:mossy_cobblestone":2,"regions_unexplored:redwood_slab":2,"minecraft:red_nether_bricks":8,"gravestone:gravestone":5,"minecraft:redstone_wire":3,"minecraft:coal_block":8,"minecraft:spawner":18,"minecraft:black_stained_glass_pane":2,"minecraft:light_blue_wall_banner":2,"minecraft:furnace":7,"minecraft:iron_ore":4,"regions_unexplored:redwood_planks":13,"treechop:chopped_log":3,"minecraft:lantern":6,"minecraft:light_gray_concrete":6,"regions_unexplored:medium_grass":5,"minecraft:smooth_quartz_stairs":2,"regions_unexplored:redwood_door":1,"minecraft:iron_block":2,"regions_unexplored:chalk":7,"minecraft:stripped_mangrove_wood":1,"minecraft:stone":21,"regions_unexplored:redwood_log":2,"minecraft:cake":1,"minecraft:tripwire":4,"minecraft:podzol":4,"regions_unexplored:chalk_grass_block":20,"minecraft:redstone_block":1,"minecraft:gray_concrete":4,"minecraft:soul_lantern":8,"minecraft:chiseled_quartz_block":2,"minecraft:crafting_table":2,"minecraft:torch":7,"minecraft:calcite":42,"minecraft:melon":5,"minecraft:chest":1,"minecraft:tall_grass":1,"minecraft:deepslate_coal_ore":1,"minecraft:cyan_bed":4,"minecraft:iron_door":1,"minecraft:light_blue_banner":1,"minecraft:wall_torch":7,"minecraft:spruce_stairs":1,"minecraft:chain":3,"minecraft:cyan_wool":1,"regions_unexplored:redwood_leaves":1,"minecraft:dark_prismarine_slab":1,"minecraft:grass":11,"minecraft:coal_ore":31,"minecraft:dirt":7,"minecraft:smooth_quartz":4,"minecraft:cobweb":1,"minecraft:tripwire_hook":2,"minecraft:dispenser":1,"minecraft:piston":1,"minecraft:oak_leaves":1},"minecraft:killed_by":{"minecraft:husk":1,"minecraft:cave_spider":1,"minecraft:skeleton":1,"minecraft:zombie":1},"minecraft:dropped":{"minecraft:bread":10,"regions_unexplored:redwood_slab":1,"minecraft:wheat_seeds":1,"minecraft:glass_bottle":1,"minecraft:crafting_table":2,"minecraft:cobblestone":1,"minecraft:lantern":5,"regions_unexplored:redwood_sapling":10,"minecraft:spruce_stairs":1,"minecraft:stick":26,"minecraft:dirt":10,"minecraft:ink_sac":15,"minecraft:wooden_axe":1,"regions_unexplored:redwood_log":150,"gravestone:obituary":1,"minecraft:tripwire_hook":2,"minecraft:bone":1,"minecraft:stone_axe":1,"minecraft:lever":1,"alexsmobs:animal_dictionary":2,"minecraft:bowl":1,"minecraft:soul_lantern":6,"minecraft:rotten_flesh":5,"regions_unexplored:redwood_planks":192,"minecraft:iron_chestplate":1,"minecraft:oak_sapling":1,"minecraft:wooden_pickaxe":1},"minecraft:killed":{"minecraft:cave_spider":3,"born_in_chaos_v1:restless_spirit":1,"born_in_chaos_v1:door_knight_not_despawn":1,"minecraft:spider":2,"born_in_chaos_v1:skeleton_thrasher_not_despawn":1,"born_in_chaos_v1:zombie_bruiser":1,"born_in_chaos_v1:baby_skeleton_minion":5,"born_in_chaos_v1:maggot":5,"minecraft:skeleton":32,"born_in_chaos_v1:supreme_bonescaller_stage_2":1,"minecraft:husk":26,"born_in_chaos_v1:bone_imp_minion":7,"undead_revamp2:the_moonflower":1,"born_in_chaos_v1:decrepit_skeleton":3,"minecraft:zombie":4,"born_in_chaos_v1:dread_hound":1,"born_in_chaos_v1:corpse_fly":8,"born_in_chaos_v1:bonescaller_not_despawn":2,"minecraft:stray":3},"minecraft:custom":{"minecraft:mob_kills":110,"minecraft:interact_with_crafting_table":21,"minecraft:open_barrel":23,"minecraft:damage_dealt_resisted":4152,"minecraft:eat_cake_slice":14,"minecraft:time_since_death":2609,"minecraft:leave_game":3,"minecraft:climb_one_cm":41992,"minecraft:sprint_one_cm":117705,"minecraft:walk_one_cm":468224,"minecraft:damage_blocked_by_shield":126,"minecraft:drop":37,"minecraft:play_time":110444,"minecraft:deaths":4,"minecraft:sneak_time":7485,"minecraft:walk_under_water_one_cm":3317,"minecraft:jump":1198,"minecraft:interact_with_brewingstand":1,"minecraft:interact_with_blast_furnace":2,"minecraft:walk_on_water_one_cm":14664,"minecraft:total_world_time":110444,"minecraft:interact_with_furnace":6,"minecraft:tune_noteblock":1,"minecraft:sleep_in_bed":4,"minecraft:time_since_rest":2479,"minecraft:damage_taken":4969,"minecraft:damage_dealt":26240,"minecraft:fly_one_cm":145215,"minecraft:swim_one_cm":13082,"minecraft:open_chest":123,"minecraft:crouch_one_cm":22317,"minecraft:fall_one_cm":33672,"minecraft:inspect_dispenser":2},"minecraft:picked_up":{"minecraft:crafting_table":2,"minecraft:iron_chestplate":1,"minecraft:redstone_block":1,"born_in_chaos_v1:seedof_chaos":1,"minecraft:potion":2,"gravestone:obituary":1,"minecraft:chain":4,"minecraft:string":7,"minecraft:red_nether_bricks":7,"bosses_of_mass_destruction:soul_star":1,"minecraft:comparator":19,"minecraft:cyan_wool":1,"minecraft:calcite":30,"minecraft:smooth_quartz":1,"minecraft:coal_block":8,"regions_unexplored:redwood_planks":12,"minecraft:melon_slice":25,"regions_unexplored:redwood_slab":3,"minecraft:chest":1,"minecraft:smooth_quartz_stairs":2,"minecraft:piston":1,"regions_unexplored:redwood_log":218,"minecraft:furnace":7,"minecraft:tipped_arrow":3,"minecraft:stick":32,"minecraft:raw_iron":4,"born_in_chaos_v1:shattered_skull":2,"minecraft:torch":18,"minecraft:spruce_stairs":2,"born_in_chaos_v1:pieceofdarkmetal":4,"minecraft:redstone":3,"minecraft:arrow":37,"minecraft:rotten_flesh":35,"minecraft:iron_block":2,"minecraft:cobblestone":21,"born_in_chaos_v1:corpse_maggot":10,"minecraft:tripwire_hook":2,"minecraft:repeater":2,"born_in_chaos_v1:monster_flesh":1,"born_in_chaos_v1:spiritual_dust":5,"minecraft:chiseled_quartz_block":2,"paraglider:spirit_orb":36,"minecraft:oak_log":1,"undead_revamp2:huntereye":1,"regions_unexplored:redwood_door":2,"scalinghealth:heart_crystal":3,"minecraft:gray_concrete":4,"minecraft:dirt":11,"minecraft:lantern":10,"minecraft:bone":39,"minecraft:light_blue_banner":3,"minecraft:wheat_seeds":3,"minecraft:iron_ingot":1,"regions_unexplored:redwood_sapling":10,"scalinghealth:heart_crystal_shard":11,"born_in_chaos_v1:orbofthe_summoner":1,"regions_unexplored:chalk":24,"minecraft:cyan_bed":4,"minecraft:spider_eye":5,"minecraft:light_gray_concrete":1,"minecraft:dispenser":1,"minecraft:soul_lantern":14,"minecraft:lever":1,"knightquest:small_essence":32,"minecraft:oak_sapling":1,"minecraft:coal":32},"minecraft:crafted":{"minecraft:oak_planks":1,"minecraft:redstone":1,"regions_unexplored:redwood_slab":2,"minecraft:iron_boots":1,"minecraft:stone_pickaxe":1,"minecraft:chest":5,"minecraft:redstone_block":4,"minecraft:crafting_table":4,"minecraft:wooden_pickaxe":1,"minecraft:iron_helmet":1,"minecraft:iron_sword":3,"scalinghealth:heart_crystal":1,"minecraft:stone_axe":2,"minecraft:air":406,"regions_unexplored:redwood_planks":68,"minecraft:shield":1,"minecraft:stick":6,"minecraft:iron_ingot":2,"minecraft:iron_pickaxe":1,"regions_unexplored:redwood_door":1,"minecraft:wooden_axe":1,"minecraft:stone_sword":1,"minecraft:iron_leggings":1,"minecraft:torch":9},"minecraft:used":{"minecraft:beetroot":2,"minecraft:light_blue_banner":3,"minecraft:stone_sword":135,"minecraft:dispenser":1,"minecraft:chest":6,"minecraft:shield":2,"minecraft:stone":14,"minecraft:iron_sword":562,"minecraft:rotten_flesh":2,"minecraft:torch":35,"minecraft:dirt":1,"scalinghealth:heart_crystal":4,"minecraft:spruce_stairs":1,"born_in_chaos_v1:corpse_maggot":7,"born_in_chaos_v1:smoked_flesh":3,"minecraft:wooden_axe":32,"minecraft:lantern":5,"minecraft:smooth_quartz":1,"minecraft:redstone_lamp":7,"regions_unexplored:redwood_slab":13,"minecraft:furnace":7,"minecraft:calcite":20,"minecraft:stone_pickaxe":118,"minecraft:wooden_pickaxe":10,"minecraft:redstone_block":4,"minecraft:smooth_quartz_stairs":2,"regions_unexplored:redwood_planks":126,"minecraft:crafting_table":6,"minecraft:mushroom_stew":1,"regions_unexplored:redwood_door":3,"minecraft:cake":1,"minecraft:bread":10,"minecraft:cyan_bed":4,"minecraft:melon_slice":14,"minecraft:iron_pickaxe":112,"minecraft:soul_lantern":8,"minecraft:stone_axe":82,"minecraft:potion":1,"minecraft:pumpkin_pie":2}},"DataVersion":3465}