{"stats":{"minecraft:broken":{"minecraft:stone_axe":1,"minecraft:wooden_pickaxe":1},"minecraft:mined":{"regions_unexplored:chalk_grass_block":3,"alexscaves:spelunkery_table":1,"gravestone:gravestone":9,"minecraft:cobblestone":18,"minecraft:wall_torch":3,"minecraft:large_fern":1,"minecraft:iron_ore":6,"treechop:chopped_log":2,"minecraft:tnt":2,"minecraft:grass":6,"minecraft:coal_ore":27,"minecraft:oak_log":2,"minecraft:lantern":2,"minecraft:gravel":1,"minecraft:dirt":4,"regions_unexplored:medium_grass":9,"regions_unexplored:chalk":79,"minecraft:stone":180,"minecraft:oak_leaves":4},"minecraft:killed":{"born_in_chaos_v1:restless_spirit":1,"born_in_chaos_v1:zombie_lumberjack":1,"born_in_chaos_v1:baby_skeleton":3,"undead_revamp2:the_moonflower":1,"born_in_chaos_v1:decrepit_skeleton":1,"minecraft:skeleton":2,"undead_revamp2:therod":1},"minecraft:killed_by":{"gnumus:gnumus_hunter":1,"born_in_chaos_v1:nightmare_stalker":3,"born_in_chaos_v1:zombie_lumberjack":1,"born_in_chaos_v1:zombie_bruiser":1,"creeperoverhaul:spruce_creeper":1,"undead_revamp2:thehorrors":1},"minecraft:crafted":{"minecraft:cherry_planks":2,"minecraft:oak_planks":2,"minecraft:crafting_table":2,"minecraft:spruce_planks":2,"minecraft:wooden_pickaxe":2,"minecraft:furnace":1,"minecraft:stone_axe":2,"minecraft:air":1735,"minecraft:jungle_planks":1,"regions_unexplored:redwood_planks":401,"minecraft:stick":6,"minecraft:stone_pickaxe":4,"minecraft:chest":8,"minecraft:torch":15},"minecraft:dropped":{"minecraft:stone_axe":1,"minecraft:wheat_seeds":1,"minecraft:cobblestone":89,"minecraft:oak_planks":1,"regions_unexplored:tassel":1,"regions_unexplored:redwood_planks":247,"minecraft:dirt":4,"minecraft:stone_button":1,"scalinghealth:heart_crystal":1,"minecraft:torch":7,"minecraft:spruce_planks":1,"regions_unexplored:redwood_log":186,"gravestone:obituary":5,"minecraft:stone_pickaxe":1,"regions_unexplored:chalk":75},"minecraft:custom":{"minecraft:interact_with_furnace":3,"minecraft:mob_kills":11,"minecraft:interact_with_crafting_table":9,"minecraft:open_barrel":3,"minecraft:interact_with_loom":2,"minecraft:leave_game":3,"minecraft:time_since_death":1468,"minecraft:time_since_rest":1554,"minecraft:sprint_one_cm":67462,"minecraft:damage_taken":3632,"minecraft:walk_one_cm":238352,"minecraft:drop":28,"minecraft:damage_dealt":2306,"minecraft:swim_one_cm":14723,"minecraft:fly_one_cm":89019,"minecraft:player_kills":1,"minecraft:open_chest":22,"minecraft:crouch_one_cm":6168,"minecraft:play_time":66545,"minecraft:deaths":9,"minecraft:sneak_time":1765,"minecraft:walk_under_water_one_cm":1088,"minecraft:jump":785,"minecraft:walk_on_water_one_cm":3096,"minecraft:total_world_time":66545,"minecraft:fall_one_cm":20135},"minecraft:used":{"minecraft:stone_pickaxe":260,"minecraft:chest":8,"minecraft:wooden_pickaxe":60,"minecraft:torch":24,"minecraft:dirt":6,"regions_unexplored:redwood_planks":9,"minecraft:tnt":2,"minecraft:crafting_table":2,"minecraft:lantern":2,"minecraft:gravel":10,"minecraft:stone_axe":97,"alexscaves:spelunkery_table":1,"minecraft:cobblestone":89,"minecraft:furnace":1,"minecraft:chain":1},"minecraft:picked_up":{"minecraft:jungle_log":1,"minecraft:flint":2,"minecraft:oak_log":2,"gravestone:obituary":1,"minecraft:chain":1,"scalinghealth:heart_crystal":1,"minecraft:dirt":10,"minecraft:lantern":2,"minecraft:bone":6,"minecraft:wheat_seeds":3,"regions_unexplored:redwood_sapling":38,"regions_unexplored:redwood_log":587,"minecraft:stick":49,"minecraft:raw_iron":6,"minecraft:copper_ingot":1,"minecraft:torch":3,"minecraft:gravel":10,"minecraft:stone_button":1,"minecraft:cherry_log":2,"regions_unexplored:chalk":75,"minecraft:spruce_log":2,"minecraft:mossy_cobblestone":1,"minecraft:tnt":2,"minecraft:arrow":2,"minecraft:rotten_flesh":4,"alexscaves:spelunkery_table":1,"knightquest:small_essence":1,"minecraft:oak_sapling":1,"minecraft:coal":26,"minecraft:cobblestone":189}},"DataVersion":3465}