{"stats":{"minecraft:picked_up":{"minecraft:stick":28,"minecraft:oak_sapling":1,"minecraft:dirt":1,"regions_unexplored:redwood_log":156},"minecraft:crafted":{"regions_unexplored:redwood_planks":4,"minecraft:crafting_table":2,"minecraft:stick":1,"minecraft:wooden_pickaxe":1,"minecraft:air":24,"minecraft:wooden_axe":1},"minecraft:dropped":{"minecraft:wooden_axe":1},"minecraft:mined":{"minecraft:podzol":1,"regions_unexplored:redwood_log":2,"treechop:chopped_log":2,"minecraft:oak_leaves":1},"minecraft:custom":{"minecraft:time_since_rest":5892,"minecraft:sprint_one_cm":107,"minecraft:play_time":5892,"minecraft:damage_taken":10,"minecraft:walk_one_cm":14383,"minecraft:drop":1,"minecraft:jump":18,"minecraft:damage_dealt":10,"minecraft:time_since_death":5892,"minecraft:total_world_time":5892,"minecraft:interact_with_crafting_table":2,"minecraft:fly_one_cm":177},"minecraft:used":{"minecraft:wooden_axe":32,"minecraft:crafting_table":2}},"DataVersion":3465}