{"stats":{"minecraft:broken":{"minecraft:stone_sword":1,"minecraft:stone_pickaxe":1,"minecraft:stone_axe":1,"minecraft:iron_sword":2},"minecraft:mined":{"minecraft:waxed_cut_copper_slab":3,"minecraft:mossy_cobblestone":2,"regions_unexplored:redwood_slab":2,"minecraft:red_nether_bricks":8,"minecraft:brewing_stand":2,"gravestone:gravestone":6,"minecraft:redstone_wire":3,"minecraft:coal_block":17,"minecraft:spawner":20,"minecraft:hay_block":5,"minecraft:black_stained_glass_pane":2,"minecraft:light_blue_wall_banner":2,"minecraft:furnace":7,"minecraft:iron_ore":4,"regions_unexplored:redwood_planks":14,"treechop:chopped_log":3,"minecraft:lantern":6,"minecraft:light_gray_concrete":6,"regions_unexplored:medium_grass":5,"minecraft:smooth_quartz_stairs":2,"regions_unexplored:redwood_door":1,"minecraft:iron_block":2,"regions_unexplored:chalk":7,"minecraft:stripped_mangrove_wood":1,"minecraft:stone":21,"regions_unexplored:redwood_log":2,"minecraft:cake":1,"minecraft:tripwire":4,"minecraft:podzol":4,"regions_unexplored:chalk_grass_block":20,"minecraft:redstone_block":2,"minecraft:gray_concrete":7,"minecraft:soul_lantern":8,"minecraft:chiseled_quartz_block":7,"minecraft:crafting_table":2,"minecraft:torch":7,"minecraft:calcite":42,"minecraft:melon":5,"minecraft:chest":1,"minecraft:tall_grass":1,"minecraft:deepslate_coal_ore":1,"minecraft:cyan_bed":4,"minecraft:iron_door":1,"minecraft:light_blue_banner":1,"minecraft:wall_torch":7,"minecraft:spruce_stairs":1,"minecraft:chain":3,"minecraft:cyan_wool":1,"minecraft:birch_log":1,"minecraft:lilac":2,"regions_unexplored:redwood_leaves":1,"minecraft:dark_prismarine_slab":1,"minecraft:grass":13,"minecraft:coal_ore":31,"minecraft:dirt":7,"minecraft:smooth_quartz":5,"minecraft:cobweb":1,"minecraft:tripwire_hook":2,"minecraft:dispenser":1,"minecraft:piston":1,"minecraft:oak_leaves":1,"minecraft:redstone_lamp":4},"minecraft:killed_by":{"minecraft:husk":1,"minecraft:cave_spider":1,"minecraft:skeleton":2,"minecraft:zombie":1},"minecraft:dropped":{"minecraft:bread":10,"regions_unexplored:redwood_slab":1,"born_in_chaos_v1:intoxicating_decoction":2,"minecraft:wheat_seeds":1,"minecraft:glass_bottle":1,"minecraft:crafting_table":2,"minecraft:cobblestone":1,"minecraft:lantern":5,"regions_unexplored:redwood_sapling":10,"minecraft:spruce_stairs":1,"minecraft:stick":30,"minecraft:dirt":10,"minecraft:ink_sac":15,"minecraft:wooden_axe":1,"minecraft:smooth_quartz":2,"regions_unexplored:redwood_log":150,"minecraft:potion":1,"minecraft:chain":4,"gravestone:obituary":2,"minecraft:birch_log":3,"minecraft:tripwire_hook":2,"minecraft:bone":1,"minecraft:stone_axe":1,"minecraft:lever":1,"alexsmobs:animal_dictionary":2,"minecraft:bowl":1,"minecraft:wheat":9,"minecraft:soul_lantern":6,"minecraft:beetroot":1,"minecraft:rotten_flesh":5,"regions_unexplored:redwood_planks":192,"minecraft:pumpkin_seeds":76,"minecraft:gunpowder":5,"minecraft:iron_chestplate":1,"minecraft:oak_sapling":1,"knightquest:small_essence":2,"minecraft:wooden_pickaxe":1},"minecraft:killed":{"minecraft:cave_spider":3,"born_in_chaos_v1:restless_spirit":1,"born_in_chaos_v1:door_knight_not_despawn":1,"born_in_chaos_v1:zombie_clown_not_despawn":1,"minecraft:spider":2,"born_in_chaos_v1:skeleton_thrasher_not_despawn":1,"born_in_chaos_v1:zombie_bruiser":1,"born_in_chaos_v1:baby_skeleton_minion":5,"born_in_chaos_v1:maggot":5,"minecraft:skeleton":36,"born_in_chaos_v1:supreme_bonescaller_stage_2":1,"minecraft:husk":26,"born_in_chaos_v1:bone_imp_minion":7,"undead_revamp2:the_moonflower":1,"born_in_chaos_v1:decrepit_skeleton":3,"minecraft:zombie":4,"born_in_chaos_v1:dread_hound":1,"born_in_chaos_v1:corpse_fly":8,"born_in_chaos_v1:bonescaller_not_despawn":2,"minecraft:stray":3},"minecraft:custom":{"minecraft:mob_kills":115,"minecraft:inspect_hopper":1,"minecraft:interact_with_crafting_table":22,"minecraft:open_barrel":37,"minecraft:damage_dealt_resisted":4152,"minecraft:eat_cake_slice":14,"minecraft:time_since_death":0,"minecraft:leave_game":4,"minecraft:climb_one_cm":58575,"minecraft:sprint_one_cm":153605,"minecraft:walk_one_cm":530936,"minecraft:damage_blocked_by_shield":126,"minecraft:drop":53,"minecraft:play_time":126056,"minecraft:deaths":5,"minecraft:sneak_time":7958,"minecraft:walk_under_water_one_cm":3365,"minecraft:jump":1355,"minecraft:interact_with_brewingstand":2,"minecraft:interact_with_blast_furnace":2,"minecraft:walk_on_water_one_cm":14857,"minecraft:total_world_time":126056,"minecraft:interact_with_furnace":6,"minecraft:tune_noteblock":1,"minecraft:sleep_in_bed":4,"minecraft:time_since_rest":199,"minecraft:damage_taken":5634,"minecraft:damage_dealt":27912,"minecraft:fly_one_cm":178060,"minecraft:swim_one_cm":23079,"minecraft:open_chest":128,"minecraft:crouch_one_cm":23365,"minecraft:fall_one_cm":35671,"minecraft:inspect_dispenser":3},"minecraft:picked_up":{"minecraft:crafting_table":2,"minecraft:iron_chestplate":1,"minecraft:redstone_block":2,"born_in_chaos_v1:seedof_chaos":1,"minecraft:redstone_lamp":4,"minecraft:potion":3,"minecraft:brewing_stand":2,"gravestone:obituary":1,"minecraft:chain":6,"minecraft:string":7,"minecraft:iron_axe":1,"minecraft:red_nether_bricks":7,"born_in_chaos_v1:intoxicating_decoction":2,"bosses_of_mass_destruction:soul_star":1,"minecraft:comparator":19,"minecraft:cyan_wool":1,"minecraft:calcite":30,"minecraft:smooth_quartz":3,"minecraft:coal_block":17,"regions_unexplored:redwood_planks":13,"minecraft:melon_slice":25,"regions_unexplored:redwood_slab":3,"minecraft:chest":1,"minecraft:smooth_quartz_stairs":2,"minecraft:piston":1,"regions_unexplored:redwood_log":218,"minecraft:furnace":7,"minecraft:tipped_arrow":3,"minecraft:stick":33,"minecraft:raw_iron":4,"born_in_chaos_v1:shattered_skull":2,"minecraft:torch":18,"minecraft:spruce_stairs":2,"born_in_chaos_v1:pieceofdarkmetal":4,"minecraft:redstone":3,"minecraft:arrow":43,"minecraft:rotten_flesh":40,"minecraft:hay_block":5,"minecraft:iron_block":2,"minecraft:pink_tulip":1,"minecraft:cobblestone":21,"minecraft:birch_log":7,"born_in_chaos_v1:corpse_maggot":10,"minecraft:lilac":2,"minecraft:tripwire_hook":2,"minecraft:repeater":2,"born_in_chaos_v1:monster_flesh":1,"born_in_chaos_v1:spiritual_dust":5,"minecraft:chiseled_quartz_block":2,"paraglider:spirit_orb":40,"minecraft:oak_log":1,"undead_revamp2:huntereye":1,"regions_unexplored:redwood_door":2,"scalinghealth:heart_crystal":3,"minecraft:gray_concrete":4,"minecraft:dirt":11,"minecraft:lantern":10,"minecraft:bone":43,"minecraft:light_blue_banner":3,"minecraft:wheat_seeds":3,"minecraft:iron_ingot":1,"regions_unexplored:redwood_sapling":10,"scalinghealth:heart_crystal_shard":11,"born_in_chaos_v1:orbofthe_summoner":1,"regions_unexplored:chalk":24,"minecraft:cyan_bed":4,"minecraft:spider_eye":5,"minecraft:light_gray_concrete":1,"minecraft:pumpkin_seeds":38,"minecraft:dispenser":1,"minecraft:soul_lantern":14,"minecraft:lever":1,"knightquest:small_essence":34,"minecraft:oak_sapling":1,"minecraft:coal":32},"minecraft:crafted":{"minecraft:oak_planks":1,"minecraft:redstone":1,"regions_unexplored:redwood_slab":2,"minecraft:iron_boots":1,"minecraft:stone_pickaxe":1,"minecraft:chest":5,"minecraft:redstone_block":4,"minecraft:wheat":8,"minecraft:crafting_table":5,"minecraft:wooden_pickaxe":1,"minecraft:iron_helmet":1,"minecraft:iron_sword":3,"scalinghealth:heart_crystal":1,"minecraft:stone_axe":2,"minecraft:bread":15,"minecraft:air":466,"regions_unexplored:redwood_planks":68,"minecraft:shield":1,"minecraft:stick":6,"minecraft:iron_ingot":2,"minecraft:iron_pickaxe":1,"regions_unexplored:redwood_door":1,"minecraft:wooden_axe":1,"minecraft:stone_sword":1,"minecraft:iron_leggings":1,"minecraft:torch":9},"minecraft:used":{"minecraft:beetroot":2,"minecraft:light_blue_banner":3,"minecraft:stone_sword":135,"minecraft:dispenser":1,"minecraft:chest":6,"minecraft:shield":2,"minecraft:stone":14,"minecraft:iron_sword":633,"minecraft:rotten_flesh":2,"minecraft:torch":37,"minecraft:dirt":1,"scalinghealth:heart_crystal":4,"minecraft:spruce_stairs":1,"born_in_chaos_v1:corpse_maggot":7,"born_in_chaos_v1:smoked_flesh":3,"minecraft:wooden_axe":32,"minecraft:iron_axe":6,"minecraft:lantern":5,"minecraft:smooth_quartz":1,"minecraft:redstone_lamp":7,"regions_unexplored:redwood_slab":13,"minecraft:furnace":7,"minecraft:calcite":20,"minecraft:pink_tulip":1,"minecraft:stone_pickaxe":118,"minecraft:wooden_pickaxe":10,"minecraft:redstone_block":4,"minecraft:smooth_quartz_stairs":2,"regions_unexplored:redwood_planks":133,"minecraft:crafting_table":7,"minecraft:mushroom_stew":1,"regions_unexplored:redwood_door":3,"minecraft:cake":1,"minecraft:bread":14,"minecraft:cyan_bed":4,"minecraft:melon_slice":17,"minecraft:iron_pickaxe":135,"minecraft:soul_lantern":8,"minecraft:stone_axe":82,"minecraft:coal_block":1,"minecraft:potion":1,"minecraft:birch_log":1,"minecraft:pumpkin_pie":2}},"DataVersion":3465}