{"stats":{"minecraft:picked_up":{"minecraft:iron_chestplate":2,"minecraft:redstone_block":5,"minecraft:smithing_table":1,"gnumus:gnumus_claw":3,"minecraft:potion":3,"minecraft:brewing_stand":3,"paraglider:goddess_statue":2,"minecraft:string":20,"minecraft:red_nether_bricks":7,"minecraft:shroomlight":2,"regions_unexplored:pine_log":12,"bosses_of_mass_destruction:soul_star":1,"minecraft:comparator":19,"minecraft:spruce_planks":7,"minecraft:rose_bush":2,"minecraft:calcite":30,"minecraft:smooth_quartz":3,"minecraft:melon_slice":47,"minecraft:coal_block":17,"minecraft:smooth_quartz_stairs":2,"regions_unexplored:redwood_log":218,"minecraft:furnace":7,"minecraft:tipped_arrow":3,"minecraft:stick":38,"born_in_chaos_v1:shattered_skull":2,"minecraft:torch":20,"minecraft:spruce_stairs":2,"minecraft:rotten_flesh":78,"relics:horse_flute":1,"minecraft:iron_block":2,"cataclysm:stone_pillar":4,"minecraft:cobblestone":28,"minecraft:birch_log":7,"minecraft:feather":2,"minecraft:lilac":2,"minecraft:repeater":2,"born_in_chaos_v1:spiritual_dust":5,"minecraft:chiseled_quartz_block":4,"paraglider:spirit_orb":68,"undead_revamp2:huntereye":1,"regions_unexplored:redwood_door":3,"minecraft:gray_concrete":4,"minecraft:lapis_lazuli":10,"minecraft:dirt":28,"minecraft:lantern":10,"born_in_chaos_v1:monster_skin":2,"minecraft:bone":59,"minecraft:bow":1,"minecraft:wheat_seeds":8,"minecraft:bamboo":7,"minecraft:oak_planks":17,"minecraft:jungle_planks":7,"regions_unexplored:chalk":26,"minecraft:cyan_bed":4,"minecraft:barrel":1,"undead_revamp2:heavytooth":1,"minecraft:light_gray_concrete":1,"minecraft:dispenser":1,"minecraft:diamond":4,"minecraft:lever":2,"regions_unexplored:tall_pink_bioshroom":2,"minecraft:soul_lantern":14,"waystones:waystone":1,"knightquest:small_essence":52,"minecraft:emerald":2,"minecraft:bread":3,"minecraft:oak_sapling":2,"regions_unexplored:flowering_sapling":2,"minecraft:crafting_table":2,"minecraft:azure_bluet":3,"minecraft:chicken":1,"born_in_chaos_v1:seedof_chaos":1,"minecraft:redstone_lamp":6,"friendsandfoes:totem_of_illusion":1,"minecraft:chain":6,"gravestone:obituary":3,"minecraft:iron_axe":2,"born_in_chaos_v1:intoxicating_decoction":6,"minecraft:beef":11,"minecraft:cyan_wool":1,"minecraft:spruce_slab":1,"regions_unexplored:redwood_planks":41,"regions_unexplored:redwood_slab":3,"minecraft:chest":2,"minecraft:piston":1,"minecraft:dark_oak_sapling":1,"minecraft:raw_iron":72,"minecraft:cake":1,"minecraft:redstone":3,"born_in_chaos_v1:pieceofdarkmetal":4,"minecraft:carrot":10,"minecraft:arrow":69,"minecraft:peony":14,"minecraft:hay_block":43,"minecraft:pink_tulip":1,"minecraft:gold_ingot":2,"regions_unexplored:redwood_pressure_plate":1,"minecraft:glistering_melon_slice":8,"born_in_chaos_v1:corpse_maggot":12,"regions_unexplored:peat_dirt":1,"born_in_chaos_v1:monster_flesh":1,"minecraft:tripwire_hook":2,"minecraft:leather":6,"minecraft:red_mushroom":1,"minecraft:birch_planks":1,"minecraft:oak_log":1,"scalinghealth:heart_crystal":4,"minecraft:light_blue_banner":3,"born_in_chaos_v1:smoked_flesh":13,"minecraft:iron_ingot":40,"regions_unexplored:redwood_sapling":87,"minecraft:book":5,"scalinghealth:heart_crystal_shard":17,"minecraft:sweet_berries":24,"born_in_chaos_v1:orbofthe_summoner":1,"minecraft:spruce_log":2,"minecraft:spider_eye":5,"minecraft:pumpkin_seeds":38,"minecraft:coal":78},"minecraft:crafted":{"minecraft:oak_planks":1,"minecraft:iron_boots":1,"minecraft:chest":6,"minecraft:crafting_table":5,"minecraft:wooden_pickaxe":1,"minecraft:iron_helmet":2,"minecraft:shield":1,"minecraft:stick":11,"minecraft:iron_ingot":2,"minecraft:iron_pickaxe":2,"regions_unexplored:redwood_door":1,"minecraft:stone_sword":1,"minecraft:redstone":4,"regions_unexplored:redwood_slab":2,"minecraft:flint_and_steel":1,"minecraft:leather":2,"minecraft:iron_axe":1,"minecraft:stone_pickaxe":1,"minecraft:redstone_block":18,"minecraft:wheat":8,"minecraft:coal_block":4,"paraglider:paraglider":2,"minecraft:iron_sword":3,"scalinghealth:heart_crystal":1,"minecraft:stone_axe":2,"undead_revamp2:luckysack":1,"minecraft:bread":15,"minecraft:air":547,"regions_unexplored:redwood_planks":69,"minecraft:wooden_axe":1,"minecraft:iron_leggings":1,"minecraft:torch":9},"minecraft:custom":{"minecraft:interact_with_crafting_table":38,"minecraft:open_barrel":57,"minecraft:eat_cake_slice":14,"minecraft:leave_game":7,"minecraft:time_since_death":24629,"minecraft:sprint_one_cm":433360,"minecraft:damage_blocked_by_shield":3192,"minecraft:drop":140,"minecraft:play_time":277187,"minecraft:deaths":8,"minecraft:jump":3654,"minecraft:interact_with_brewingstand":4,"minecraft:walk_on_water_one_cm":25333,"minecraft:interact_with_furnace":17,"minecraft:interact_with_loom":2,"minecraft:sleep_in_bed":9,"minecraft:waystone_activated":3,"minecraft:damage_dealt":40517,"minecraft:crouch_one_cm":33192,"minecraft:inspect_dispenser":4,"minecraft:horse_one_cm":84153,"minecraft:interact_with_smithing_table":1,"minecraft:mob_kills":180,"minecraft:inspect_hopper":1,"minecraft:damage_dealt_resisted":5489,"minecraft:climb_one_cm":79949,"minecraft:walk_one_cm":1093009,"minecraft:sneak_time":11026,"minecraft:walk_under_water_one_cm":15038,"minecraft:interact_with_blast_furnace":2,"minecraft:total_world_time":277187,"minecraft:tune_noteblock":1,"minecraft:time_since_rest":10773,"minecraft:damage_taken":13511,"minecraft:damage_absorbed":39,"minecraft:swim_one_cm":137300,"minecraft:fly_one_cm":541856,"minecraft:open_chest":301,"minecraft:fall_one_cm":98021},"minecraft:killed":{"undead_revamp2:thewolf":3,"born_in_chaos_v1:zombie_clown":1,"minecraft:cave_spider":3,"born_in_chaos_v1:restless_spirit":1,"born_in_chaos_v1:zombie_lumberjack":1,"born_in_chaos_v1:door_knight_not_despawn":1,"minecraft:spider":2,"endermanoverhaul:dark_oak_enderman":1,"undead_revamp2:axestrom":1,"undead_revamp2:thesmoker":2,"born_in_chaos_v1:baby_skeleton_minion":5,"minecraft:skeleton":56,"minecraft:chicken":1,"minecraft:illusioner":1,"born_in_chaos_v1:supreme_bonescaller_stage_2":1,"undead_revamp2:theheavy":1,"minecraft:creeper":1,"minecraft:zombie":6,"born_in_chaos_v1:dread_hound":7,"born_in_chaos_v1:corpse_fly":11,"minecraft:stray":3,"born_in_chaos_v1:door_knight":1,"minecraft:cow":5,"undead_revamp2:thehunter":1,"born_in_chaos_v1:zombie_clown_not_despawn":1,"alexsmobs:seagull":1,"born_in_chaos_v1:skeleton_thrasher_not_despawn":1,"born_in_chaos_v1:zombie_bruiser":1,"born_in_chaos_v1:maggot":6,"gnumus:gnumus_hunter":3,"undead_revamp2:sucker":4,"minecraft:husk":26,"born_in_chaos_v1:bone_imp_minion":7,"undead_revamp2:the_moonflower":2,"born_in_chaos_v1:decrepit_skeleton":4,"born_in_chaos_v1:bonescaller_not_despawn":2},"minecraft:killed_by":{"born_in_chaos_v1:nightmare_stalker":1,"minecraft:cave_spider":1,"minecraft:zombie":1,"minecraft:husk":1,"born_in_chaos_v1:decaying_zombie":1,"minecraft:skeleton":3},"minecraft:dropped":{"minecraft:lapis_lazuli":10,"minecraft:diamond":4,"minecraft:dark_oak_sapling":1,"minecraft:glass_bottle":1,"minecraft:crafting_table":2,"minecraft:lantern":5,"minecraft:jungle_planks":7,"relics:horse_flute":1,"regions_unexplored:redwood_sapling":164,"minecraft:red_mushroom":1,"paraglider:spirit_orb":48,"minecraft:emerald":1,"minecraft:dirt":10,"gnumus:gnumus_claw":1,"minecraft:chain":4,"gravestone:obituary":13,"minecraft:glistering_melon_slice":8,"paraglider:paraglider":1,"minecraft:birch_log":3,"minecraft:gold_ingot":2,"minecraft:bone":5,"minecraft:stone_axe":1,"minecraft:lever":2,"alexsmobs:animal_dictionary":2,"minecraft:wheat":9,"minecraft:soul_lantern":6,"minecraft:beetroot":1,"minecraft:rotten_flesh":28,"born_in_chaos_v1:smoked_flesh":24,"regions_unexplored:redwood_planks":222,"minecraft:gunpowder":5,"born_in_chaos_v1:corpse_maggot":2,"minecraft:arrow":7,"minecraft:bread":47,"minecraft:iron_ingot":38,"regions_unexplored:redwood_slab":1,"born_in_chaos_v1:intoxicating_decoction":6,"minecraft:wheat_seeds":12,"minecraft:cobblestone":6,"minecraft:book":5,"regions_unexplored:flowering_sapling":4,"cataclysm:stone_pillar":6,"minecraft:spruce_stairs":1,"minecraft:stick":33,"minecraft:brewing_stand":1,"minecraft:ink_sac":15,"minecraft:torch":1,"minecraft:wooden_axe":1,"minecraft:smooth_quartz":2,"minecraft:melon_slice":9,"regions_unexplored:redwood_log":150,"minecraft:potion":1,"minecraft:iron_leggings":1,"minecraft:iron_axe":1,"minecraft:tripwire_hook":2,"minecraft:redstone":2,"minecraft:sweet_berries":4,"minecraft:bowl":2,"minecraft:raw_iron":24,"regions_unexplored:tall_pink_bioshroom":1,"minecraft:pumpkin_seeds":76,"minecraft:potato":23,"minecraft:shroomlight":2,"minecraft:hay_block":38,"minecraft:peony":21,"minecraft:spruce_planks":2,"minecraft:iron_chestplate":2,"minecraft:oak_sapling":1,"minecraft:bamboo":7,"knightquest:small_essence":4,"minecraft:bow":1,"minecraft:wooden_pickaxe":1,"waystones:waystone":1},"minecraft:broken":{"minecraft:iron_boots":1,"minecraft:stone_pickaxe":1,"minecraft:stone_axe":2,"minecraft:iron_sword":2,"minecraft:stone_sword":1,"minecraft:shield":1,"minecraft:iron_pickaxe":1,"minecraft:iron_helmet":1},"minecraft:used":{"minecraft:beetroot":2,"minecraft:light_blue_banner":3,"minecraft:dispenser":1,"minecraft:spruce_slab":1,"minecraft:chest":8,"minecraft:shield":56,"minecraft:stone":14,"minecraft:iron_sword":942,"minecraft:rotten_flesh":2,"paraglider:goddess_statue":2,"minecraft:carrot":10,"born_in_chaos_v1:corpse_maggot":7,"born_in_chaos_v1:smoked_flesh":13,"minecraft:lantern":5,"minecraft:redstone_lamp":7,"minecraft:bow":24,"regions_unexplored:redwood_slab":13,"regions_unexplored:redwood_pressure_plate":2,"minecraft:oak_sapling":1,"minecraft:furnace":7,"minecraft:stone_pickaxe":118,"minecraft:wooden_pickaxe":10,"minecraft:redstone_block":4,"minecraft:smooth_quartz_stairs":2,"minecraft:golden_apple":1,"regions_unexplored:redwood_planks":179,"minecraft:mushroom_stew":2,"regions_unexplored:redwood_door":4,"relics:horse_flute":8,"minecraft:melon_slice":31,"minecraft:cyan_bed":4,"minecraft:bread":61,"minecraft:soul_lantern":8,"minecraft:coal_block":1,"minecraft:birch_log":1,"minecraft:stone_sword":135,"minecraft:flint_and_steel":14,"minecraft:spruce_planks":5,"minecraft:torch":42,"minecraft:dirt":3,"scalinghealth:heart_crystal":5,"minecraft:spruce_stairs":1,"minecraft:shroomlight":2,"minecraft:wooden_axe":32,"minecraft:iron_axe":171,"minecraft:iron_boots":1,"minecraft:smooth_quartz":1,"minecraft:barrel":7,"minecraft:calcite":20,"minecraft:pink_tulip":1,"minecraft:bundle":2,"regions_unexplored:tall_pink_bioshroom":2,"minecraft:crafting_table":7,"minecraft:cake":1,"minecraft:apple":1,"minecraft:iron_pickaxe":274,"minecraft:stone_axe":85,"minecraft:potion":1,"minecraft:pumpkin_pie":3},"minecraft:mined":{"minecraft:waxed_cut_copper_slab":3,"minecraft:spruce_planks":6,"minecraft:red_nether_bricks":8,"minecraft:brewing_stand":2,"minecraft:grass_block":1,"minecraft:coal_block":17,"minecraft:spawner":22,"minecraft:iron_ore":48,"minecraft:fire":14,"minecraft:barrel":1,"regions_unexplored:redwood_planks":18,"minecraft:light_gray_concrete":12,"regions_unexplored:chalk":7,"minecraft:stripped_mangrove_wood":1,"minecraft:iron_block":2,"minecraft:spruce_slab":1,"minecraft:tripwire":8,"minecraft:soul_lantern":8,"minecraft:chiseled_quartz_block":11,"minecraft:torch":7,"minecraft:calcite":42,"minecraft:melon":5,"minecraft:chest":2,"minecraft:cyan_bed":4,"minecraft:oak_planks":17,"minecraft:light_blue_banner":1,"minecraft:iron_door":1,"minecraft:wall_torch":7,"minecraft:cyan_wool":1,"minecraft:chain":3,"minecraft:birch_log":1,"minecraft:lilac":2,"minecraft:grass":27,"regions_unexplored:peat_dirt":3,"minecraft:dirt":8,"minecraft:smooth_quartz":14,"minecraft:tripwire_hook":2,"minecraft:dispenser":1,"minecraft:piston":1,"minecraft:oak_leaves":4,"minecraft:redstone_lamp":6,"regions_unexplored:tall_pink_bioshroom":1,"minecraft:mossy_cobblestone":2,"regions_unexplored:redwood_slab":2,"gravestone:gravestone":11,"minecraft:jungle_planks":8,"minecraft:redstone_wire":4,"minecraft:large_fern":5,"minecraft:hay_block":43,"minecraft:black_stained_glass_pane":2,"minecraft:light_blue_wall_banner":2,"minecraft:furnace":7,"treechop:chopped_log":4,"minecraft:lantern":6,"regions_unexplored:redwood_door":2,"regions_unexplored:medium_grass":8,"minecraft:smooth_quartz_stairs":2,"minecraft:stone":25,"regions_unexplored:redwood_log":2,"minecraft:cake":1,"regions_unexplored:flowering_shrub":1,"minecraft:podzol":4,"minecraft:smithing_table":1,"regions_unexplored:chalk_grass_block":22,"minecraft:redstone_block":5,"minecraft:gray_concrete":7,"regions_unexplored:redwood_pressure_plate":1,"minecraft:crafting_table":2,"minecraft:oak_wood":2,"minecraft:rose_bush":2,"minecraft:tall_grass":5,"minecraft:deepslate_coal_ore":1,"minecraft:spruce_stairs":1,"minecraft:birch_planks":2,"minecraft:redstone_torch":1,"minecraft:sweet_berry_bush":2,"regions_unexplored:redwood_leaves":1,"minecraft:dark_prismarine_slab":1,"minecraft:coal_ore":76,"minecraft:cobweb":2,"regions_unexplored:blackwood_leaves":1,"minecraft:fern":3,"paraglider:goddess_statue":2}},"DataVersion":3465}