{"stats":{"minecraft:broken":{"minecraft:wooden_pickaxe":1,"minecraft:stone_pickaxe":4,"minecraft:stone_axe":2},"minecraft:used":{"minecraft:iron_shovel":27,"minecraft:chest":8,"minecraft:stone":40,"regions_unexplored:salmonberry":3,"minecraft:torch":31,"minecraft:dirt":14,"scalinghealth:heart_crystal":2,"minecraft:lantern":2,"alexscaves:spelunkery_table":1,"minecraft:furnace":2,"minecraft:stone_pickaxe":667,"minecraft:wooden_pickaxe":60,"regions_unexplored:chalk":217,"minecraft:salmon":1,"regions_unexplored:redwood_planks":268,"minecraft:tnt":2,"minecraft:crafting_table":2,"minecraft:white_bed":2,"minecraft:cod":1,"regions_unexplored:flowering_shrub":1,"regions_unexplored:redwood_door":1,"minecraft:melon_slice":22,"minecraft:bread":1,"minecraft:gravel":13,"minecraft:stone_axe":236,"minecraft:cobblestone":190,"minecraft:chain":1},"minecraft:killed_by":{"born_in_chaos_v1:nightmare_stalker":3,"born_in_chaos_v1:zombie_lumberjack":1,"born_in_chaos_v1:zombie_bruiser":1,"undead_revamp2:thehorrors":1,"gnumus:gnumus_hunter":1,"minecraft:skeleton":2,"creeperoverhaul:spruce_creeper":1},"minecraft:custom":{"minecraft:mob_kills":34,"minecraft:interact_with_crafting_table":21,"minecraft:open_barrel":3,"minecraft:damage_dealt_resisted":18,"minecraft:leave_game":9,"minecraft:time_since_death":10119,"minecraft:climb_one_cm":1930,"minecraft:sprint_one_cm":127291,"minecraft:walk_one_cm":566494,"minecraft:drop":41,"minecraft:play_time":139732,"minecraft:deaths":13,"minecraft:sneak_time":5870,"minecraft:walk_under_water_one_cm":55190,"minecraft:jump":1714,"minecraft:walk_on_water_one_cm":23639,"minecraft:total_world_time":139732,"minecraft:interact_with_furnace":17,"minecraft:interact_with_loom":5,"minecraft:time_since_rest":10483,"minecraft:damage_taken":6062,"minecraft:damage_dealt":6304,"minecraft:swim_one_cm":194919,"minecraft:fly_one_cm":190163,"minecraft:player_kills":1,"minecraft:open_chest":61,"minecraft:crouch_one_cm":17657,"minecraft:fall_one_cm":43723},"minecraft:dropped":{"minecraft:wheat_seeds":2,"minecraft:cobblestone":179,"regions_unexplored:tassel":2,"regions_unexplored:redwood_sapling":1,"minecraft:dirt":4,"minecraft:stone_button":1,"minecraft:torch":7,"scalinghealth:heart_crystal":1,"minecraft:melon_slice":1,"regions_unexplored:redwood_log":186,"gravestone:obituary":8,"undead_revamp2:blacpetalblock":1,"regions_unexplored:chalk":75,"minecraft:stone_axe":1,"minecraft:rotten_flesh":2,"minecraft:oak_planks":1,"regions_unexplored:redwood_planks":247,"minecraft:spruce_planks":1,"born_in_chaos_v1:corpse_maggot":1,"minecraft:stone_pickaxe":2},"minecraft:killed":{"born_in_chaos_v1:zombie_lumberjack":1,"born_in_chaos_v1:restless_spirit":1,"iceandfire:gorgon":1,"minecraft:skeleton":2,"born_in_chaos_v1:corpse_fish":5,"undead_revamp2:therod":1,"born_in_chaos_v1:baby_skeleton":3,"undead_revamp2:the_moonflower":2,"born_in_chaos_v1:decrepit_skeleton":1,"minecraft:sheep":7,"born_in_chaos_v1:zombie_fisherman":1,"creeperoverhaul:ocean_creeper":1,"born_in_chaos_v1:corpse_fly":3,"minecraft:cow":4},"minecraft:picked_up":{"minecraft:chain":1,"gravestone:obituary":1,"minecraft:string":1,"minecraft:beef":9,"regions_unexplored:redwood_planks":33,"minecraft:melon_slice":98,"regions_unexplored:redwood_log":587,"minecraft:stick":49,"minecraft:raw_iron":6,"minecraft:copper_ingot":1,"minecraft:torch":8,"minecraft:cherry_log":2,"minecraft:stone_button":1,"minecraft:tnt":3,"minecraft:arrow":2,"minecraft:weeping_vines":2,"minecraft:rotten_flesh":8,"alexscaves:spelunkery_table":1,"minecraft:mutton":11,"minecraft:cod":1,"minecraft:white_wool":6,"minecraft:cobblestone":449,"born_in_chaos_v1:corpse_maggot":3,"gnumus:gnumus_doubloons":2,"minecraft:jungle_log":1,"minecraft:salmon":1,"minecraft:leather":2,"regions_unexplored:flowering_shrub":1,"alexsmobs:cachalot_whale_tooth":2,"minecraft:flint":2,"minecraft:oak_log":2,"scalinghealth:heart_crystal":3,"regions_unexplored:tassel":2,"minecraft:dirt":33,"minecraft:lantern":2,"minecraft:bone":7,"undead_revamp2:blacpetalblock":1,"minecraft:wheat_seeds":8,"regions_unexplored:redwood_sapling":39,"minecraft:stone_pickaxe":1,"scalinghealth:power_crystal_shard":2,"minecraft:acacia_sapling":1,"minecraft:pumpkin":6,"regions_unexplored:salmonberry":6,"minecraft:gravel":20,"gnumus:gnumus_cheese":1,"minecraft:ink_sac":2,"regions_unexplored:chalk":252,"minecraft:spruce_log":2,"minecraft:mossy_cobblestone":1,"knightquest:small_essence":1,"iceandfire:gorgon_head":1,"minecraft:oak_sapling":1,"born_in_chaos_v1:rotten_fish":4,"minecraft:black_wool":1,"minecraft:coal":47,"minecraft:crimson_roots":6},"minecraft:mined":{"alexscaves:spelunkery_table":1,"gravestone:gravestone":14,"minecraft:large_fern":1,"minecraft:tall_seagrass":1,"minecraft:iron_ore":6,"regions_unexplored:redwood_planks":33,"minecraft:pumpkin":7,"treechop:chopped_log":2,"minecraft:lantern":2,"regions_unexplored:medium_grass":10,"gnumus:fragile_gnumus_jug":2,"regions_unexplored:chalk":251,"minecraft:stone":331,"regions_unexplored:flowering_shrub":1,"regions_unexplored:chalk_grass_block":8,"minecraft:fire_coral":2,"minecraft:melon":20,"minecraft:cobblestone":69,"minecraft:wall_torch":5,"minecraft:nether_wart_block":1,"regions_unexplored:redwood_leaves":8,"minecraft:tnt":3,"minecraft:grass":11,"minecraft:oak_log":2,"minecraft:coal_ore":48,"minecraft:gravel":11,"minecraft:dirt":27,"minecraft:oak_leaves":4,"minecraft:fern":3},"minecraft:crafted":{"minecraft:cherry_planks":2,"minecraft:oak_planks":2,"minecraft:furnace":2,"minecraft:stone":59,"minecraft:stone_pickaxe":7,"minecraft:chest":8,"minecraft:crafting_table":2,"minecraft:spruce_planks":2,"minecraft:wooden_pickaxe":2,"minecraft:stone_axe":4,"minecraft:bread":1,"minecraft:air":1750,"minecraft:jungle_planks":1,"regions_unexplored:redwood_planks":401,"minecraft:shield":1,"minecraft:stick":6,"regions_unexplored:redwood_door":1,"minecraft:stone_sword":2,"minecraft:iron_shovel":1,"minecraft:white_bed":2,"minecraft:torch":15}},"DataVersion":3465}