{"stats":{"minecraft:killed":{"minecraft:skeleton":24,"born_in_chaos_v1:corpse_fly":4},"minecraft:picked_up":{"born_in_chaos_v1:corpse_maggot":3,"minecraft:crafting_table":1,"minecraft:redstone_block":1,"minecraft:repeater":2,"minecraft:tripwire_hook":2,"minecraft:chiseled_quartz_block":2,"paraglider:spirit_orb":8,"scalinghealth:heart_crystal":1,"minecraft:gray_concrete":4,"minecraft:string":4,"minecraft:dirt":11,"minecraft:bone":21,"minecraft:wheat_seeds":1,"minecraft:comparator":19,"regions_unexplored:redwood_sapling":10,"minecraft:smooth_quartz":1,"regions_unexplored:redwood_planks":2,"minecraft:coal_block":4,"regions_unexplored:redwood_slab":2,"minecraft:piston":1,"regions_unexplored:redwood_log":218,"minecraft:furnace":7,"scalinghealth:heart_crystal_shard":11,"minecraft:stick":32,"minecraft:torch":2,"minecraft:spruce_stairs":2,"minecraft:redstone":3,"minecraft:light_gray_concrete":1,"minecraft:dispenser":1,"minecraft:arrow":26,"minecraft:lever":1,"knightquest:small_essence":20,"minecraft:oak_sapling":1,"minecraft:cobblestone":15},"minecraft:crafted":{"minecraft:redstone":1,"minecraft:crafting_table":4,"minecraft:wooden_pickaxe":1,"minecraft:iron_sword":1,"regions_unexplored:redwood_slab":2,"minecraft:stone_axe":2,"minecraft:air":328,"regions_unexplored:redwood_planks":68,"minecraft:stick":3,"minecraft:stone_pickaxe":1,"minecraft:wooden_axe":1,"minecraft:stone_sword":1,"minecraft:torch":3},"minecraft:broken":{"minecraft:stone_axe":1,"minecraft:stone_sword":1},"minecraft:killed_by":{"minecraft:skeleton":1},"minecraft:custom":{"minecraft:interact_with_furnace":2,"minecraft:mob_kills":28,"minecraft:interact_with_crafting_table":6,"minecraft:time_since_death":16153,"minecraft:climb_one_cm":35042,"minecraft:time_since_rest":16189,"minecraft:sprint_one_cm":12160,"minecraft:damage_taken":845,"minecraft:walk_one_cm":101141,"minecraft:drop":21,"minecraft:damage_dealt":5924,"minecraft:fly_one_cm":12567,"minecraft:open_chest":9,"minecraft:crouch_one_cm":8584,"minecraft:play_time":29892,"minecraft:deaths":1,"minecraft:sneak_time":2852,"minecraft:jump":203,"minecraft:total_world_time":29892,"minecraft:fall_one_cm":3418,"minecraft:inspect_dispenser":2},"minecraft:dropped":{"regions_unexplored:redwood_slab":1,"minecraft:stone_axe":1,"minecraft:wheat_seeds":1,"minecraft:lever":1,"alexsmobs:animal_dictionary":2,"minecraft:crafting_table":1,"minecraft:cobblestone":1,"regions_unexplored:redwood_planks":192,"regions_unexplored:redwood_sapling":10,"minecraft:spruce_stairs":1,"minecraft:stick":26,"minecraft:dirt":10,"minecraft:wooden_axe":1,"regions_unexplored:redwood_log":150,"minecraft:oak_sapling":1,"minecraft:wooden_pickaxe":1},"minecraft:mined":{"minecraft:podzol":4,"minecraft:redstone_block":1,"minecraft:gray_concrete":4,"regions_unexplored:redwood_slab":2,"minecraft:chiseled_quartz_block":2,"minecraft:crafting_table":1,"minecraft:torch":2,"gravestone:gravestone":2,"minecraft:redstone_wire":3,"minecraft:coal_block":4,"minecraft:iron_door":1,"minecraft:wall_torch":1,"minecraft:spawner":4,"minecraft:spruce_stairs":1,"minecraft:black_stained_glass_pane":2,"minecraft:furnace":7,"regions_unexplored:redwood_planks":2,"treechop:chopped_log":3,"minecraft:smooth_quartz":3,"minecraft:light_gray_concrete":6,"minecraft:dirt":7,"regions_unexplored:medium_grass":1,"minecraft:tripwire_hook":2,"minecraft:dispenser":1,"minecraft:stone":15,"regions_unexplored:redwood_log":2,"minecraft:piston":1,"minecraft:oak_leaves":1,"minecraft:tripwire":4},"minecraft:used":{"minecraft:stone_sword":135,"minecraft:stone_pickaxe":44,"minecraft:wooden_pickaxe":10,"minecraft:stone":5,"minecraft:iron_sword":33,"minecraft:rotten_flesh":2,"minecraft:torch":10,"minecraft:dirt":1,"scalinghealth:heart_crystal":1,"regions_unexplored:redwood_planks":25,"minecraft:crafting_table":4,"born_in_chaos_v1:corpse_maggot":3,"minecraft:wooden_axe":32,"minecraft:stone_axe":81,"regions_unexplored:redwood_slab":13}},"DataVersion":3465}