{"stats":{"minecraft:killed_by":{"born_in_chaos_v1:zombie_lumberjack":1,"undead_revamp2:thehorrors":1},"minecraft:custom":{"minecraft:time_since_rest":1563,"minecraft:play_time":18199,"minecraft:sprint_one_cm":9629,"minecraft:deaths":3,"minecraft:damage_taken":1024,"minecraft:walk_one_cm":38152,"minecraft:mob_kills":2,"minecraft:drop":1,"minecraft:jump":153,"minecraft:damage_dealt":520,"minecraft:leave_game":2,"minecraft:time_since_death":1540,"minecraft:total_world_time":18199,"minecraft:player_kills":1,"minecraft:fall_one_cm":5348,"minecraft:fly_one_cm":11505},"minecraft:dropped":{"gravestone:obituary":1},"minecraft:killed":{"born_in_chaos_v1:zombie_lumberjack":1},"minecraft:picked_up":{"minecraft:rotten_flesh":3,"minecraft:jungle_log":1,"minecraft:wheat_seeds":2,"minecraft:cherry_log":2,"gravestone:obituary":1,"minecraft:spruce_log":2,"minecraft:dirt":1},"minecraft:mined":{"gravestone:gravestone":3,"minecraft:large_fern":1,"minecraft:grass":2,"regions_unexplored:medium_grass":5}},"DataVersion":3465}