{"stats":{"minecraft:picked_up":{"minecraft:stick":32,"minecraft:crafting_table":1,"minecraft:repeater":2,"minecraft:spruce_stairs":1,"paraglider:spirit_orb":2,"minecraft:gray_concrete":3,"minecraft:dirt":11,"minecraft:dispenser":1,"minecraft:wheat_seeds":1,"regions_unexplored:redwood_sapling":10,"regions_unexplored:redwood_planks":2,"minecraft:oak_sapling":1,"regions_unexplored:redwood_slab":1,"minecraft:coal_block":4,"minecraft:furnace":7,"regions_unexplored:redwood_log":218,"minecraft:cobblestone":15},"minecraft:crafted":{"regions_unexplored:redwood_planks":68,"minecraft:crafting_table":4,"minecraft:stick":2,"minecraft:wooden_pickaxe":1,"minecraft:stone_pickaxe":1,"minecraft:wooden_axe":1,"minecraft:stone_sword":1,"regions_unexplored:redwood_slab":2,"minecraft:stone_axe":2,"minecraft:air":302},"minecraft:killed_by":{"minecraft:skeleton":1},"minecraft:dropped":{"minecraft:dirt":10,"minecraft:stone_axe":1,"minecraft:wheat_seeds":1,"alexsmobs:animal_dictionary":2,"minecraft:wooden_axe":1,"minecraft:crafting_table":1,"regions_unexplored:redwood_log":150,"minecraft:oak_sapling":1,"minecraft:cobblestone":1,"regions_unexplored:redwood_planks":192,"regions_unexplored:redwood_sapling":10,"minecraft:stick":26},"minecraft:custom":{"minecraft:time_since_rest":4189,"minecraft:sprint_one_cm":10788,"minecraft:walk_one_cm":60245,"minecraft:damage_taken":250,"minecraft:drop":17,"minecraft:damage_dealt":712,"minecraft:interact_with_crafting_table":5,"minecraft:fly_one_cm":10677,"minecraft:open_chest":1,"minecraft:crouch_one_cm":1426,"minecraft:play_time":17892,"minecraft:deaths":1,"minecraft:sneak_time":855,"minecraft:jump":137,"minecraft:time_since_death":4153,"minecraft:climb_one_cm":33428,"minecraft:total_world_time":17892,"minecraft:fall_one_cm":1091},"minecraft:mined":{"minecraft:podzol":4,"minecraft:spruce_stairs":1,"minecraft:black_stained_glass_pane":2,"minecraft:gray_concrete":3,"minecraft:furnace":7,"regions_unexplored:redwood_slab":1,"regions_unexplored:redwood_planks":2,"treechop:chopped_log":3,"minecraft:crafting_table":1,"gravestone:gravestone":2,"minecraft:dirt":7,"minecraft:coal_block":4,"regions_unexplored:medium_grass":1,"minecraft:dispenser":1,"minecraft:stone":15,"regions_unexplored:redwood_log":2,"minecraft:oak_leaves":1,"minecraft:spawner":1},"minecraft:used":{"minecraft:wooden_axe":32,"minecraft:stone_sword":7,"minecraft:stone_pickaxe":23,"minecraft:wooden_pickaxe":10,"minecraft:stone":5,"minecraft:stone_axe":59,"minecraft:dirt":1,"regions_unexplored:redwood_planks":14,"regions_unexplored:redwood_slab":9,"minecraft:crafting_table":4}},"DataVersion":3465}