{"stats":{"minecraft:broken":{"minecraft:iron_boots":3,"minecraft:iron_chestplate":1,"minecraft:iron_leggings":1,"minecraft:stone_pickaxe":1,"minecraft:stone_axe":2,"minecraft:iron_sword":3,"minecraft:stone_sword":1,"minecraft:shield":1,"minecraft:iron_axe":4,"minecraft:iron_pickaxe":4,"minecraft:iron_helmet":2},"minecraft:picked_up":{"minecraft:iron_chestplate":2,"minecraft:wheat":10,"minecraft:redstone_block":12,"minecraft:smithing_table":1,"gnumus:gnumus_claw":5,"minecraft:potion":5,"minecraft:brewing_stand":3,"mcwwindows:cherry_louvered_shutter":3,"paraglider:goddess_statue":4,"minecraft:string":37,"minecraft:red_nether_bricks":7,"born_in_chaos_v1:dark_upgrade":1,"minecraft:shroomlight":3,"paraglider:deku_leaf":1,"iceandfire:sea_serpent_scales_bronze":9,"minecraft:beetroot":33,"regions_unexplored:pine_log":12,"bosses_of_mass_destruction:soul_star":1,"minecraft:comparator":19,"minecraft:bucket":1,"minecraft:spruce_planks":15,"minecraft:rose_bush":2,"minecraft:calcite":30,"minecraft:iron_pickaxe":1,"minecraft:smooth_quartz":3,"minecraft:smooth_quartz_stairs":2,"minecraft:coal_block":32,"minecraft:melon_slice":92,"regions_unexplored:blackwood_log":2,"regions_unexplored:pine_shrub":1,"minecraft:mangrove_log":1,"regions_unexplored:redwood_log":223,"minecraft:furnace":14,"minecraft:tipped_arrow":9,"minecraft:stick":159,"born_in_chaos_v1:shattered_skull":4,"minecraft:torch":54,"minecraft:acacia_log":2,"minecraft:spruce_stairs":2,"minecraft:porkchop":3,"minecraft:cherry_log":97,"born_in_chaos_v1:nightmare_claw":1,"regions_unexplored:daisy":3,"minecraft:brown_carpet":1,"minecraft:rotten_flesh":216,"relics:horse_flute":1,"minecraft:iron_block":5,"handcrafted:cherry_nightstand":1,"regions_unexplored:redwood_sign":2,"minecraft:obsidian":4,"cataclysm:stone_pillar":4,"minecraft:cobblestone":593,"minecraft:birch_log":16,"minecraft:magma_block":2,"minecraft:lilac":2,"minecraft:feather":2,"minecraft:repeater":2,"minecraft:cherry_planks":7,"born_in_chaos_v1:spiritual_dust":5,"regions_unexplored:flowering_shrub":1,"cozy_home:cherry_bench":1,"minecraft:chiseled_quartz_block":4,"farmersdelight:cherry_cabinet":3,"minecraft:potato":30,"paraglider:spirit_orb":120,"minecraft:cherry_fence":5,"undead_revamp2:huntereye":1,"regions_unexplored:redwood_door":6,"minecraft:gray_concrete":4,"minecraft:lapis_lazuli":20,"minecraft:dirt":48,"minecraft:lantern":15,"minecraft:polished_granite":1,"gnumus:gnumus_pouch_2":1,"born_in_chaos_v1:monster_skin":6,"knightquest:ratman_eye":1,"minecraft:bone":110,"minecraft:stonecutter":4,"minecraft:bow":1,"minecraft:wheat_seeds":43,"minecraft:bamboo":28,"minecraft:glowstone_dust":3,"minecraft:powered_rail":5,"regions_unexplored:blackwood_shrub":2,"minecraft:oak_planks":29,"regions_unexplored:redwood_trapdoor":2,"minecraft:sand":7,"minecraft:jungle_planks":7,"regions_unexplored:chalk":275,"minecraft:cyan_bed":10,"iceandfire:podium_dark_oak":1,"minecraft:barrel":11,"undead_revamp2:heavytooth":3,"minecraft:light_gray_concrete":1,"minecraft:dispenser":1,"minecraft:sugar":57,"minecraft:soul_lantern":23,"born_in_chaos_v1:fire_dust":2,"waystones:waystone":3,"minecraft:diamond":15,"regions_unexplored:tall_pink_bioshroom":3,"iceandfire:lectern":1,"minecraft:lever":3,"minecraft:cherry_slab":13,"knightquest:small_essence":99,"minecraft:bread":5,"minecraft:golden_apple":9,"minecraft:emerald":33,"minecraft:oak_sapling":24,"minecraft:oak_leaves":2,"minecraft:crimson_roots":1,"regions_unexplored:flowering_sapling":2,"sophisticatedbackpacks:gold_backpack":1,"minecraft:crafting_table":6,"minecraft:azure_bluet":3,"minecraft:chicken":1,"minecraft:ladder":3,"minecraft:clay_ball":22,"born_in_chaos_v1:seedof_chaos":4,"minecraft:redstone_lamp":13,"minecraft:brown_mushroom":5,"friendsandfoes:totem_of_illusion":1,"minecraft:stripped_cherry_log":6,"regions_unexplored:blue_bioshroom":1,"minecraft:chain":9,"gravestone:obituary":3,"relics:leather_belt":1,"minecraft:iron_axe":2,"born_in_chaos_v1:intoxicating_decoction":7,"minecraft:item_frame":1,"iceandfire:bestiary":1,"minecraft:beef":35,"born_in_chaos_v1:gnawed_bones":2,"minecraft:cyan_wool":1,"minecraft:spruce_slab":2,"regions_unexplored:redwood_planks":436,"regions_unexplored:redwood_slab":5,"minecraft:chest":6,"minecraft:piston":1,"minecraft:dark_oak_sapling":5,"minecraft:raw_iron":176,"corail_woodcutter:oak_woodcutter":5,"minecraft:copper_ingot":1,"minecraft:cake":5,"born_in_chaos_v1:pieceofdarkmetal":9,"minecraft:carrot":30,"minecraft:redstone":3,"regions_unexplored:dusktrap":2,"minecraft:arrow":81,"regions_unexplored:redwood_stairs":91,"born_in_chaos_v1:wood_splitter_axe":1,"minecraft:pumpkin_pie":3,"minecraft:peony":14,"relics:arrow_quiver":1,"minecraft:hay_block":81,"minecraft:pink_tulip":1,"minecraft:gold_ingot":74,"regions_unexplored:redwood_pressure_plate":4,"minecraft:glistering_melon_slice":32,"minecraft:rail":2,"born_in_chaos_v1:corpse_maggot":32,"regions_unexplored:peat_dirt":8,"iceandfire:sea_serpent_fang":4,"born_in_chaos_v1:monster_flesh":6,"minecraft:tripwire_hook":2,"minecraft:leather":6,"minecraft:red_mushroom":9,"minecraft:birch_planks":1,"minecraft:filled_map":1,"minecraft:mushroom_stew":9,"minecraft:oak_log":31,"scalinghealth:bandages":7,"minecraft:gunpowder":2,"minecraft:cobblestone_stairs":15,"scalinghealth:heart_crystal":14,"regions_unexplored:tassel":3,"minecraft:light_blue_banner":3,"minecraft:apple":78,"mcwwindows:cherry_plank_window":4,"minecraft:iron_ingot":288,"born_in_chaos_v1:smoked_flesh":35,"born_in_chaos_v1:chipped_black_argillite_brick":1,"regions_unexplored:redwood_sapling":87,"minecraft:iron_ore":63,"minecraft:book":65,"scalinghealth:heart_crystal_shard":18,"minecraft:sweet_berries":96,"born_in_chaos_v1:orbofthe_summoner":1,"born_in_chaos_v1:ethereal_spirit":4,"minecraft:spyglass":3,"minecraft:gravel":3,"minecraft:spruce_log":3,"minecraft:spider_eye":8,"mowziesmobs:naga_fang":1,"regions_unexplored:redwood_fence":11,"minecraft:pumpkin_seeds":38,"minecraft:purple_bed":4,"minecraft:slime_ball":2,"minecraft:cherry_sapling":66,"minecraft:painting":29,"mcwwindows:cherry_window":6,"minecraft:baked_potato":268,"minecraft:coal":215},"minecraft:mined":{"minecraft:waxed_cut_copper_slab":3,"minecraft:spruce_planks":6,"iceandfire:podium_dark_oak":1,"minecraft:cobblestone_stairs":15,"sophisticatedbackpacks:gold_backpack":1,"minecraft:red_nether_bricks":8,"minecraft:brewing_stand":2,"minecraft:grass_block":3,"iceandfire:pixie_house_oak":1,"iceandfire:lectern":1,"minecraft:coal_block":17,"regions_unexplored:blue_bioshroom":1,"minecraft:spawner":48,"mcwwindows:cherry_plank_window":4,"minecraft:magma_block":2,"minecraft:glowstone":1,"minecraft:barrel":10,"minecraft:iron_ore":135,"minecraft:fire":14,"regions_unexplored:redwood_planks":301,"mcwwindows:cherry_window":2,"minecraft:cave_vines":1,"minecraft:iron_bars":2,"minecraft:light_gray_concrete":12,"cozy_home:cherry_bench":1,"regions_unexplored:chalk":90,"minecraft:stripped_mangrove_wood":1,"minecraft:iron_block":4,"corail_woodcutter:oak_woodcutter":5,"minecraft:spruce_slab":1,"minecraft:tripwire":8,"regions_unexplored:redwood_stairs":31,"minecraft:kelp_plant":2,"minecraft:soul_lantern":11,"regions_unexplored:redwood_trapdoor":2,"minecraft:chiseled_quartz_block":11,"minecraft:clay":4,"minecraft:torch":31,"regions_unexplored:peat_grass_block":3,"minecraft:calcite":42,"minecraft:melon":5,"minecraft:chest":6,"regions_unexplored:redwood_wall_sign":2,"minecraft:cobblestone":132,"farmersdelight:cherry_cabinet":3,"minecraft:cyan_bed":10,"minecraft:oak_planks":29,"minecraft:light_blue_banner":1,"minecraft:iron_door":1,"minecraft:wall_torch":12,"minecraft:cherry_slab":13,"minecraft:cyan_wool":1,"minecraft:chain":5,"minecraft:cherry_fence":4,"minecraft:birch_log":1,"minecraft:lilac":2,"regions_unexplored:redwood_fence":11,"minecraft:grass":84,"handcrafted:cherry_nightstand":1,"minecraft:oak_log":25,"regions_unexplored:peat_dirt":7,"minecraft:dirt":19,"minecraft:sand":11,"minecraft:smooth_quartz":14,"minecraft:tripwire_hook":2,"minecraft:dispenser":1,"minecraft:red_mushroom_block":18,"minecraft:stonecutter":4,"minecraft:piston":1,"minecraft:oak_leaves":44,"minecraft:redstone_lamp":13,"regions_unexplored:tall_pink_bioshroom":2,"minecraft:mossy_cobblestone":4,"minecraft:dark_oak_leaves":4,"minecraft:stripped_cherry_log":6,"regions_unexplored:redwood_slab":4,"regions_unexplored:dusktrap":1,"minecraft:cherry_sapling":5,"minecraft:ladder":2,"gravestone:gravestone":14,"minecraft:jungle_planks":8,"minecraft:redstone_wire":4,"minecraft:brown_mushroom_block":34,"minecraft:large_fern":8,"minecraft:hay_block":43,"minecraft:black_stained_glass_pane":3,"minecraft:light_blue_wall_banner":3,"minecraft:furnace":14,"mcwwindows:cherry_louvered_shutter":3,"treechop:chopped_log":12,"minecraft:bookshelf":20,"minecraft:shroomlight":1,"minecraft:lantern":7,"regions_unexplored:redwood_door":4,"minecraft:smooth_quartz_stairs":2,"regions_unexplored:medium_grass":117,"minecraft:stone":457,"regions_unexplored:redwood_log":6,"minecraft:cake":1,"regions_unexplored:flowering_shrub":2,"scalinghealth:heart_crystal_ore":1,"minecraft:podzol":17,"minecraft:smithing_table":1,"regions_unexplored:chalk_grass_block":163,"minecraft:redstone_block":12,"minecraft:gray_concrete":7,"minecraft:cherry_planks":7,"minecraft:brown_carpet":6,"regions_unexplored:redwood_pressure_plate":4,"minecraft:crafting_table":5,"minecraft:oak_wood":2,"minecraft:rose_bush":2,"minecraft:tall_grass":11,"regions_unexplored:blackwood_log":1,"minecraft:deepslate_coal_ore":1,"born_in_chaos_v1:chipped_black_argillite_brick":1,"regions_unexplored:daisy":3,"minecraft:spruce_stairs":1,"minecraft:purple_bed":4,"minecraft:birch_planks":2,"minecraft:redstone_torch":1,"minecraft:sweet_berry_bush":2,"regions_unexplored:redwood_leaves":1,"minecraft:dark_prismarine_slab":1,"minecraft:mycelium":5,"minecraft:coal_ore":83,"minecraft:gravel":1,"regions_unexplored:blackwood_shrub":1,"minecraft:cobweb":3,"regions_unexplored:blackwood_leaves":10,"minecraft:spruce_fence_gate":1,"minecraft:fern":9,"regions_unexplored:tassel":4,"paraglider:goddess_statue":4},"minecraft:killed":{"undead_revamp2:thewolf":3,"born_in_chaos_v1:zombie_clown":1,"minecraft:cave_spider":11,"born_in_chaos_v1:zombie_lumberjack":2,"born_in_chaos_v1:restless_spirit":6,"born_in_chaos_v1:door_knight_not_despawn":2,"minecraft:spider":9,"endermanoverhaul:dark_oak_enderman":1,"undead_revamp2:axestrom":1,"undead_revamp2:thesmoker":4,"born_in_chaos_v1:siamese_skeletonsright":1,"born_in_chaos_v1:baby_skeleton_minion":18,"minecraft:skeleton":67,"minecraft:chicken":1,"undead_revamp2:therod":1,"minecraft:illusioner":1,"born_in_chaos_v1:supreme_bonescaller_stage_2":2,"undead_revamp2:theheavy":2,"minecraft:creeper":2,"undead_revamp2:thebidyupside":1,"minecraft:zombie":28,"born_in_chaos_v1:dread_hound":9,"born_in_chaos_v1:corpse_fly":21,"minecraft:stray":7,"born_in_chaos_v1:door_knight":2,"born_in_chaos_v1:siamese_skeletonsleft":1,"iceandfire:sea_serpent":1,"minecraft:cow":5,"mowziesmobs:naga":1,"undead_revamp2:thehunter":4,"born_in_chaos_v1:zombie_clown_not_despawn":1,"alexsmobs:seagull":1,"born_in_chaos_v1:skeleton_thrasher_not_despawn":2,"undead_revamp2:bomber":1,"born_in_chaos_v1:zombie_bruiser":2,"born_in_chaos_v1:maggot":19,"gnumus:gnumus_hunter":4,"born_in_chaos_v1:corpse_fish":1,"undead_revamp2:sucker":7,"minecraft:husk":26,"born_in_chaos_v1:bone_imp_minion":18,"born_in_chaos_v1:baby_skeleton":2,"born_in_chaos_v1:swarmer":1,"knightquest:ratman":1,"undead_revamp2:the_moonflower":7,"born_in_chaos_v1:decrepit_skeleton":21,"undead_revamp2:thesomnolence":2,"born_in_chaos_v1:bonescaller_not_despawn":4,"born_in_chaos_v1:nightmare_stalker":1},"minecraft:used":{"minecraft:beetroot":2,"minecraft:light_blue_banner":3,"minecraft:cherry_sapling":33,"minecraft:iron_shovel":27,"minecraft:dispenser":1,"minecraft:spruce_slab":1,"farmersdelight:cherry_cabinet":3,"minecraft:ladder":12,"minecraft:chest":22,"minecraft:stone":49,"minecraft:shield":56,"minecraft:iron_sword":1315,"minecraft:rotten_flesh":2,"mcwwindows:cherry_louvered_shutter":3,"paraglider:goddess_statue":2,"corail_woodcutter:oak_woodcutter":8,"minecraft:carrot":10,"born_in_chaos_v1:corpse_maggot":7,"born_in_chaos_v1:smoked_flesh":13,"minecraft:mangrove_log":1,"minecraft:lantern":10,"minecraft:item_frame":3,"minecraft:redstone_lamp":19,"minecraft:bow":108,"regions_unexplored:redwood_slab":21,"regions_unexplored:redwood_pressure_plate":5,"minecraft:furnace":15,"minecraft:oak_sapling":1,"minecraft:stone_pickaxe":239,"minecraft:oak_planks":12,"minecraft:wooden_pickaxe":10,"minecraft:redstone_block":20,"minecraft:smooth_quartz_stairs":2,"regions_unexplored:chalk":157,"minecraft:oak_leaves":1,"minecraft:golden_apple":1,"regions_unexplored:redwood_planks":947,"minecraft:mushroom_stew":2,"regions_unexplored:redwood_door":8,"minecraft:shears":2,"relics:horse_flute":65,"regions_unexplored:redwood_log":14,"regions_unexplored:redwood_fence":75,"minecraft:cherry_hanging_sign":6,"minecraft:cyan_bed":10,"minecraft:bread":86,"minecraft:melon_slice":31,"mcwwindows:cherry_plank_window":4,"minecraft:gravel":2,"minecraft:soul_lantern":14,"minecraft:coal_block":1,"minecraft:birch_log":1,"handcrafted:cherry_table":1,"regions_unexplored:redwood_stairs":167,"minecraft:bone_meal":183,"minecraft:experience_bottle":1,"cozy_home:cherry_bench":3,"minecraft:stone_sword":135,"minecraft:enchanting_table":1,"minecraft:flint_and_steel":14,"minecraft:spruce_planks":5,"minecraft:torch":106,"minecraft:dirt":19,"minecraft:spyglass":1,"minecraft:anvil":1,"scalinghealth:heart_crystal":16,"minecraft:spruce_stairs":1,"minecraft:shroomlight":2,"minecraft:wooden_axe":32,"handcrafted:cherry_nightstand":2,"minecraft:cherry_slab":13,"minecraft:iron_axe":1225,"minecraft:iron_boots":1,"minecraft:smooth_quartz":1,"minecraft:barrel":13,"scalinghealth:bandages":1,"minecraft:cherry_log":6,"minecraft:cherry_fence":30,"sophisticatedbackpacks:gold_backpack":1,"minecraft:golden_axe":13,"minecraft:calcite":20,"minecraft:water_bucket":41,"minecraft:pink_tulip":1,"minecraft:cobblestone_stairs":66,"minecraft:bundle":4,"minecraft:baked_potato":51,"weather2:weather_deflector":1,"minecraft:cherry_planks":182,"minecraft:stonecutter":5,"regions_unexplored:tall_pink_bioshroom":2,"minecraft:crafting_table":11,"minecraft:red_mushroom":2,"minecraft:painting":29,"minecraft:cake":1,"minecraft:apple":1,"minecraft:iron_pickaxe":1172,"regions_unexplored:redwood_trapdoor":1,"minecraft:stone_axe":85,"minecraft:cobblestone":369,"minecraft:potion":1,"mcwwindows:cherry_window":18,"minecraft:purple_bed":4,"born_in_chaos_v1:wood_splitter_axe":167,"minecraft:bucket":42,"minecraft:pumpkin_pie":3},"minecraft:custom":{"minecraft:interact_with_crafting_table":107,"minecraft:open_barrel":185,"minecraft:eat_cake_slice":14,"minecraft:leave_game":16,"minecraft:time_since_death":225516,"minecraft:sprint_one_cm":776204,"minecraft:damage_blocked_by_shield":3192,"minecraft:drop":261,"minecraft:play_time":662804,"minecraft:deaths":11,"minecraft:jump":7077,"minecraft:interact_with_brewingstand":5,"minecraft:walk_on_water_one_cm":51940,"minecraft:interact_with_furnace":61,"minecraft:interact_with_loom":2,"minecraft:sleep_in_bed":20,"minecraft:waystone_activated":6,"minecraft:damage_dealt":80818,"minecraft:crouch_one_cm":72042,"minecraft:inspect_dispenser":4,"corail_woodcutter:interact_with_sawmill":4,"minecraft:horse_one_cm":645715,"minecraft:interact_with_smithing_table":1,"minecraft:interact_with_anvil":4,"minecraft:mob_kills":349,"minecraft:inspect_hopper":1,"minecraft:damage_dealt_resisted":9566,"minecraft:climb_one_cm":111554,"minecraft:walk_one_cm":2621580,"minecraft:damage_dealt_absorbed":80,"minecraft:sneak_time":21826,"minecraft:walk_under_water_one_cm":55347,"minecraft:interact_with_blast_furnace":3,"minecraft:total_world_time":662804,"minecraft:tune_noteblock":1,"minecraft:interact_with_grindstone":1,"minecraft:interact_with_stonecutter":3,"minecraft:time_since_rest":31879,"minecraft:damage_taken":27847,"minecraft:damage_absorbed":39,"minecraft:swim_one_cm":201593,"minecraft:fly_one_cm":864962,"minecraft:open_chest":600,"minecraft:fall_one_cm":163224},"minecraft:killed_by":{"born_in_chaos_v1:nightmare_stalker":2,"iceandfire:cyclops":1,"minecraft:cave_spider":2,"minecraft:zombie":1,"minecraft:husk":1,"born_in_chaos_v1:decaying_zombie":1,"minecraft:skeleton":3},"minecraft:dropped":{"minecraft:brown_mushroom":1,"minecraft:lapis_lazuli":20,"minecraft:baked_potato":127,"minecraft:diamond":15,"minecraft:crafting_table":2,"minecraft:dark_oak_sapling":5,"minecraft:glass_bottle":1,"minecraft:lantern":5,"relics:horse_flute":1,"minecraft:jungle_planks":7,"regions_unexplored:redwood_sapling":164,"minecraft:emerald":32,"minecraft:flint":8,"regions_unexplored:blue_bioshroom":1,"minecraft:rail":2,"minecraft:red_mushroom":6,"paraglider:spirit_orb":48,"born_in_chaos_v1:monster_flesh":2,"minecraft:dirt":11,"gnumus:gnumus_claw":3,"minecraft:chain":6,"gravestone:obituary":15,"minecraft:pumpkin_pie":2,"minecraft:sugar":38,"minecraft:glistering_melon_slice":24,"paraglider:paraglider":1,"minecraft:birch_log":3,"minecraft:gold_ingot":15,"minecraft:bone":14,"minecraft:stone_axe":1,"minecraft:lever":3,"alexsmobs:animal_dictionary":2,"minecraft:beetroot":23,"minecraft:wheat":14,"minecraft:soul_lantern":6,"minecraft:obsidian":4,"minecraft:rotten_flesh":98,"born_in_chaos_v1:smoked_flesh":35,"regions_unexplored:redwood_planks":351,"born_in_chaos_v1:dark_upgrade":1,"paraglider:deku_leaf":1,"minecraft:carrot":10,"minecraft:tipped_arrow":3,"minecraft:gunpowder":7,"born_in_chaos_v1:corpse_maggot":8,"minecraft:ladder":1,"minecraft:beef":16,"minecraft:arrow":13,"minecraft:powered_rail":2,"minecraft:iron_ore":40,"minecraft:cherry_fence":1,"minecraft:polished_granite":1,"minecraft:bread":47,"minecraft:iron_ingot":73,"regions_unexplored:redwood_slab":1,"born_in_chaos_v1:intoxicating_decoction":6,"minecraft:wheat_seeds":28,"minecraft:cherry_log":4,"minecraft:golden_axe":1,"minecraft:cobblestone":40,"minecraft:book":5,"regions_unexplored:flowering_sapling":4,"minecraft:apple":50,"cataclysm:stone_pillar":6,"minecraft:copper_ingot":1,"minecraft:spruce_stairs":1,"regions_unexplored:blackwood_shrub":1,"minecraft:golden_apple":6,"minecraft:mushroom_stew":6,"minecraft:stick":59,"minecraft:iron_block":1,"minecraft:brewing_stand":1,"minecraft:ink_sac":15,"minecraft:torch":1,"minecraft:wooden_axe":1,"regions_unexplored:dusktrap":2,"minecraft:smooth_quartz":2,"minecraft:melon_slice":39,"regions_unexplored:redwood_log":150,"minecraft:potion":1,"minecraft:iron_leggings":1,"minecraft:iron_axe":1,"minecraft:string":2,"minecraft:tripwire_hook":2,"minecraft:redstone":2,"minecraft:sweet_berries":52,"minecraft:bowl":2,"minecraft:raw_iron":49,"regions_unexplored:tall_pink_bioshroom":1,"minecraft:clay_ball":22,"minecraft:pumpkin_seeds":76,"minecraft:filled_map":2,"minecraft:potato":23,"minecraft:hay_block":38,"minecraft:shroomlight":2,"gnumus:gnumus_pouch_2":1,"minecraft:peony":21,"minecraft:spruce_planks":10,"minecraft:iron_chestplate":2,"minecraft:cake":2,"minecraft:oak_sapling":1,"minecraft:bamboo":21,"knightquest:small_essence":17,"minecraft:barrel":1,"minecraft:spider_eye":1,"minecraft:spruce_log":1,"minecraft:bow":1,"minecraft:wooden_pickaxe":1,"waystones:waystone":1},"minecraft:crafted":{"minecraft:oak_planks":13,"farmersdelight:cherry_cabinet":1,"weather2:weather_item":1,"minecraft:cherry_slab":4,"minecraft:cobblestone_stairs":23,"minecraft:stone":3,"paraglider:deku_leaf":1,"weather2:weather_deflector":1,"minecraft:glass":7,"minecraft:iron_boots":2,"mcwwindows:cherry_window":4,"minecraft:chest":19,"corail_woodcutter:oak_woodcutter":1,"minecraft:cherry_fence":22,"minecraft:item_frame":2,"sophisticatedbackpacks:backpack":1,"minecraft:crafting_table":7,"minecraft:wooden_pickaxe":1,"minecraft:iron_helmet":2,"handcrafted:cherry_table":1,"mcwwindows:cherry_plank_window":1,"handcrafted:cherry_nightstand":1,"mcwwindows:window_base":5,"minecraft:shield":1,"minecraft:stick":47,"minecraft:iron_ingot":65,"minecraft:iron_pickaxe":5,"regions_unexplored:redwood_door":1,"minecraft:iron_block":37,"minecraft:stone_sword":1,"minecraft:shears":1,"minecraft:cherry_planks":78,"minecraft:redstone":4,"regions_unexplored:redwood_fence":27,"regions_unexplored:redwood_slab":4,"minecraft:furnace":1,"minecraft:bone_meal":76,"minecraft:flint_and_steel":1,"minecraft:cherry_trapdoor":4,"minecraft:leather":8,"minecraft:iron_axe":4,"minecraft:ladder":8,"minecraft:cherry_stairs":4,"minecraft:stone_pickaxe":1,"minecraft:redstone_block":18,"regions_unexplored:redwood_stairs":49,"sophisticatedbackpacks:iron_backpack":1,"minecraft:wheat":8,"minecraft:coal_block":4,"paraglider:paraglider":2,"minecraft:enchanting_table":1,"minecraft:iron_sword":3,"sophisticatedbackpacks:gold_backpack":1,"scalinghealth:heart_crystal":2,"minecraft:bucket":1,"minecraft:bone":2,"minecraft:stone_axe":2,"undead_revamp2:luckysack":1,"minecraft:bread":15,"minecraft:air":2751,"cozy_home:cherry_plank":5,"regions_unexplored:redwood_planks":398,"mcwwindows:cherry_louvered_shutter":1,"minecraft:wooden_axe":1,"minecraft:iron_leggings":2,"minecraft:anvil":1,"minecraft:stonecutter":1,"cozy_home:cherry_bench":2,"minecraft:cherry_hanging_sign":1,"minecraft:acacia_planks":2,"minecraft:torch":21,"regions_unexplored:redwood_trapdoor":1}},"DataVersion":3465}