{"stats":{"minecraft:broken":{"minecraft:iron_boots":3,"minecraft:iron_chestplate":1,"minecraft:iron_leggings":2,"minecraft:iron_sword":3,"minecraft:stone_sword":1,"minecraft:shield":1,"minecraft:iron_axe":5,"minecraft:iron_pickaxe":7,"minecraft:iron_helmet":2,"minecraft:golden_helmet":1,"minecraft:stone_pickaxe":1,"minecraft:stone_axe":3},"minecraft:custom":{"minecraft:interact_with_crafting_table":185,"minecraft:open_barrel":352,"minecraft:bell_ring":1,"minecraft:eat_cake_slice":14,"minecraft:leave_game":29,"minecraft:time_since_death":18858,"minecraft:damage_blocked_by_shield":3192,"minecraft:play_time":1120082,"minecraft:deaths":12,"minecraft:jump":10073,"minecraft:enchant_item":2,"minecraft:interact_with_furnace":136,"minecraft:sleep_in_bed":34,"minecraft:waystone_activated":10,"minecraft:damage_dealt":104312,"corail_woodcutter:interact_with_sawmill":4,"minecraft:horse_one_cm":645715,"minecraft:inspect_dispenser":4,"minecraft:interact_with_smithing_table":1,"minecraft:interact_with_anvil":7,"minecraft:inspect_hopper":1,"minecraft:damage_dealt_absorbed":80,"minecraft:sneak_time":37804,"minecraft:interact_with_blast_furnace":3,"minecraft:total_world_time":1120082,"minecraft:tune_noteblock":1,"minecraft:interact_with_stonecutter":13,"minecraft:time_since_rest":3658,"minecraft:swim_one_cm":272613,"minecraft:fly_one_cm":1228120,"minecraft:open_chest":1129,"minecraft:fall_one_cm":234441,"minecraft:sprint_one_cm":920060,"minecraft:drop":360,"minecraft:talked_to_villager":1,"minecraft:interact_with_brewingstand":5,"minecraft:walk_on_water_one_cm":120171,"minecraft:interact_with_loom":2,"minecraft:crouch_one_cm":125236,"minecraft:mob_kills":435,"minecraft:damage_dealt_resisted":10533,"minecraft:climb_one_cm":193445,"minecraft:walk_one_cm":4512216,"minecraft:walk_under_water_one_cm":148376,"minecraft:interact_with_grindstone":1,"minecraft:damage_taken":39296,"minecraft:damage_absorbed":39},"minecraft:crafted":{"farmersdelight:cherry_cabinet":1,"minecraft:diamond_shovel":1,"minecraft:bookshelf":17,"paraglider:deku_leaf":1,"minecraft:glass":103,"minecraft:light_blue_concrete_powder":8,"minecraft:iron_door":3,"mcwwindows:cherry_plank_pane_window":1,"scalinghealth:power_crystal":1,"minecraft:diamond_axe":1,"handcrafted:cherry_table":1,"mcwwindows:window_base":26,"regions_unexplored:redwood_door":1,"minecraft:iron_pickaxe":7,"minecraft:iron_block":37,"minecraft:gold_ingot":26,"minecraft:light_gray_dye":28,"mcwwindows:cherry_plank_window2":8,"mcwwindows:cherry_shutter":1,"minecraft:diamond_hoe":1,"minecraft:bone_meal":88,"minecraft:pink_dye":3,"minecraft:cherry_trapdoor":5,"minecraft:ladder":10,"minecraft:cherry_stairs":5,"minecraft:stone_pickaxe":1,"minecraft:redstone_block":18,"minecraft:golden_helmet":1,"regions_unexplored:redwood_stairs":49,"minecraft:wheat":8,"minecraft:coal_block":4,"minecraft:enchanting_table":1,"sophisticatedbackpacks:gold_backpack":1,"minecraft:bone":2,"minecraft:glowstone":1,"mcwwindows:cherry_louvered_shutter":1,"minecraft:wooden_axe":1,"minecraft:iron_leggings":2,"cozy_home:cherry_bench":2,"minecraft:cherry_hanging_sign":1,"regions_unexplored:redwood_trapdoor":1,"mcwwindows:window_half_bar_base":10,"minecraft:oak_planks":31,"weather2:weather_item":1,"minecraft:cherry_slab":5,"minecraft:cobblestone_stairs":23,"minecraft:stone":156,"minecraft:heavy_weighted_pressure_plate":1,"weather2:weather_deflector":1,"minecraft:iron_boots":3,"mcwwindows:cherry_window":4,"minecraft:chest":31,"corail_woodcutter:oak_woodcutter":1,"minecraft:cherry_fence":22,"minecraft:item_frame":13,"sophisticatedbackpacks:backpack":1,"minecraft:crafting_table":10,"minecraft:wooden_pickaxe":1,"minecraft:iron_helmet":3,"minecraft:red_wool":2,"mcwwindows:cherry_plank_window":9,"handcrafted:cherry_nightstand":1,"minecraft:birch_planks":2,"twilightforest:bold_stone_pillar":1,"minecraft:shield":1,"minecraft:diamond_pickaxe":1,"minecraft:stick":116,"minecraft:light_blue_dye":4,"minecraft:iron_ingot":65,"minecraft:stone_sword":1,"minecraft:shears":1,"minecraft:cherry_planks":101,"minecraft:redstone":4,"regions_unexplored:redwood_fence":28,"regions_unexplored:redwood_slab":22,"minecraft:furnace":1,"minecraft:stone_button":1,"minecraft:flint_and_steel":2,"minecraft:white_concrete_powder":61,"minecraft:leather":8,"minecraft:iron_axe":4,"relics:researching_table":1,"handcrafted:stackable_book":6,"sophisticatedbackpacks:iron_backpack":1,"paraglider:paraglider":2,"minecraft:red_dye":15,"minecraft:pink_concrete_powder":8,"minecraft:iron_sword":3,"minecraft:cooked_salmon":2,"scalinghealth:heart_crystal":2,"minecraft:bucket":2,"minecraft:stone_axe":3,"undead_revamp2:luckysack":1,"minecraft:bread":15,"minecraft:air":4619,"minecraft:blue_dye":6,"mcwwindows:oak_plank_window":2,"cozy_home:cherry_plank":5,"regions_unexplored:redwood_planks":486,"minecraft:white_wool":2,"minecraft:white_dye":71,"minecraft:anvil":1,"minecraft:stonecutter":1,"minecraft:acacia_planks":2,"minecraft:torch":26},"minecraft:dropped":{"minecraft:iron_sword":1,"minecraft:lapis_lazuli":20,"minecraft:glass_bottle":1,"minecraft:diamond":15,"minecraft:crafting_table":4,"minecraft:warped_roots":1,"minecraft:rail":2,"minecraft:red_mushroom":6,"minecraft:emerald":32,"sophisticatedbackpacks:gold_backpack":1,"born_in_chaos_v1:monster_flesh":2,"handcrafted:stackable_book":7,"minecraft:dirt":11,"gnumus:gnumus_claw":3,"minecraft:chain":6,"minecraft:gold_nugget":25,"minecraft:iron_pickaxe":4,"minecraft:sugar":38,"regions_unexplored:chalk":8,"minecraft:bone":17,"minecraft:stone_axe":1,"minecraft:lever":3,"alexsmobs:animal_dictionary":2,"minecraft:wheat":14,"minecraft:obsidian":4,"minecraft:rotten_flesh":106,"born_in_chaos_v1:smoked_flesh":38,"regions_unexplored:redwood_fence":12,"regions_unexplored:redwood_planks":443,"minecraft:tipped_arrow":3,"minecraft:ladder":1,"minecraft:beef":16,"minecraft:warped_wart_block":8,"minecraft:cherry_fence":2,"minecraft:crimson_planks":1,"minecraft:golden_boots":1,"minecraft:iron_ingot":73,"born_in_chaos_v1:intoxicating_decoction":6,"minecraft:wheat_seeds":28,"minecraft:iron_helmet":2,"minecraft:cobblestone":68,"minecraft:book":5,"minecraft:apple":50,"regions_unexplored:flowering_sapling":4,"minecraft:mushroom_stew":6,"minecraft:golden_apple":6,"regions_unexplored:daisy":1,"minecraft:ink_sac":15,"minecraft:wooden_axe":1,"regions_unexplored:dusktrap":2,"regions_unexplored:redwood_log":268,"minecraft:potion":1,"minecraft:iron_shovel":2,"minecraft:string":2,"minecraft:bowl":2,"minecraft:stone_shovel":1,"regions_unexplored:tall_pink_bioshroom":1,"minecraft:clay_ball":22,"minecraft:iron_boots":4,"minecraft:cherry_slab":1,"minecraft:shears":2,"minecraft:pumpkin_seeds":76,"regions_unexplored:redwood_pressure_plate":1,"minecraft:potato":23,"minecraft:hay_block":38,"minecraft:shroomlight":2,"minecraft:peony":21,"minecraft:spruce_planks":10,"minecraft:diamond_pickaxe":1,"minecraft:barrel":1,"minecraft:spider_eye":1,"minecraft:bamboo":21,"knightquest:small_essence":18,"minecraft:bow":2,"relics:arrow_quiver":1,"waystones:waystone":1,"farmersdelight:diamond_knife":1,"minecraft:brown_mushroom":1,"minecraft:diamond_axe":2,"minecraft:baked_potato":135,"minecraft:dark_oak_sapling":5,"minecraft:lantern":5,"minecraft:jungle_planks":7,"relics:horse_flute":1,"regions_unexplored:redwood_sapling":164,"regions_unexplored:blue_bioshroom":1,"regions_unexplored:flowering_shrub":1,"minecraft:flint":8,"paraglider:spirit_orb":61,"gravestone:obituary":30,"minecraft:pumpkin_pie":2,"minecraft:glistering_melon_slice":24,"paraglider:paraglider":2,"minecraft:birch_log":3,"minecraft:gold_ingot":15,"minecraft:spyglass":1,"minecraft:soul_lantern":6,"minecraft:beetroot":23,"relics:space_dissector":1,"born_in_chaos_v1:dark_upgrade":1,"paraglider:deku_leaf":3,"minecraft:carrot":10,"minecraft:gunpowder":7,"born_in_chaos_v1:corpse_maggot":8,"minecraft:arrow":13,"minecraft:iron_ore":40,"minecraft:powered_rail":2,"minecraft:quartz":25,"minecraft:polished_granite":1,"minecraft:bread":65,"regions_unexplored:redwood_slab":1,"minecraft:golden_helmet":2,"minecraft:cherry_log":4,"minecraft:golden_axe":1,"cataclysm:stone_pillar":6,"minecraft:copper_ingot":1,"minecraft:spruce_stairs":1,"regions_unexplored:blackwood_shrub":1,"minecraft:stick":65,"minecraft:iron_block":1,"minecraft:brewing_stand":1,"minecraft:torch":2,"scalinghealth:heart_crystal":1,"minecraft:melon_slice":39,"minecraft:smooth_quartz":2,"minecraft:iron_leggings":3,"minecraft:iron_axe":2,"minecraft:tripwire_hook":2,"minecraft:redstone":2,"minecraft:sweet_berries":52,"minecraft:raw_iron":49,"minecraft:filled_map":2,"gnumus:gnumus_pouch_2":1,"minecraft:iron_chestplate":3,"minecraft:cake":2,"minecraft:oak_sapling":1,"minecraft:spruce_log":1,"minecraft:wooden_pickaxe":1},"minecraft:used":{"iceandfire:lectern":1,"minecraft:beetroot":2,"minecraft:dispenser":1,"farmersdelight:cherry_cabinet":3,"minecraft:spruce_slab":1,"minecraft:polished_blackstone":17,"minecraft:ladder":20,"minecraft:chest":41,"minecraft:stone":49,"minecraft:rotten_flesh":2,"handcrafted:stackable_book":25,"mcwwindows:cherry_louvered_shutter":5,"minecraft:polished_blackstone_slab":2,"born_in_chaos_v1:smoked_flesh":13,"minecraft:lava_bucket":2,"minecraft:bow":159,"regions_unexplored:redwood_pressure_plate":5,"minecraft:furnace":15,"minecraft:oak_sapling":1,"biomesoplenty:flesh":21,"minecraft:blackstone_stairs":3,"minecraft:blackstone":11,"minecraft:wooden_pickaxe":10,"minecraft:oak_leaves":1,"minecraft:smooth_quartz_stairs":2,"regions_unexplored:chalk":979,"minecraft:golden_apple":1,"regions_unexplored:redwood_planks":1495,"relics:horse_flute":67,"regions_unexplored:redwood_fence":94,"regions_unexplored:redwood_log":22,"minecraft:cherry_hanging_sign":6,"scalinghealth:enchanted_heart":12,"minecraft:stone_button":1,"mcwwindows:cherry_plank_window":48,"minecraft:soul_lantern":22,"minecraft:diamond_sword":218,"minecraft:coal_block":1,"minecraft:birch_log":1,"cozy_home:cherry_bench":3,"minecraft:enchanting_table":3,"minecraft:stone_sword":135,"mcwwindows:cherry_shutter":5,"minecraft:netherrack":68,"minecraft:torch":178,"minecraft:brewing_stand":4,"minecraft:anvil":4,"mcwwindows:cherry_plank_window2":11,"minecraft:shroomlight":2,"handcrafted:cherry_nightstand":4,"iceandfire:podium_dark_oak":5,"minecraft:iron_axe":1240,"minecraft:cherry_slab":18,"minecraft:smooth_quartz":1,"minecraft:barrel":22,"minecraft:smooth_basalt":2,"minecraft:basalt":4,"minecraft:cherry_fence":65,"minecraft:cherry_log":6,"minecraft:golden_axe":13,"sophisticatedbackpacks:gold_backpack":1,"minecraft:calcite":20,"minecraft:water_bucket":102,"minecraft:bundle":4,"weather2:weather_deflector":1,"minecraft:cherry_planks":223,"minecraft:polished_blackstone_bricks":131,"regions_unexplored:tall_pink_bioshroom":2,"minecraft:mossy_cobblestone":4,"minecraft:crafting_table":17,"minecraft:cake":1,"minecraft:diamond_pickaxe":2470,"minecraft:diamond_shovel":529,"minecraft:iron_pickaxe":2227,"minecraft:cobblestone":429,"minecraft:potion":1,"minecraft:purple_bed":4,"mcwwindows:cherry_window":18,"minecraft:diamond_leggings":1,"minecraft:light_blue_banner":3,"minecraft:cherry_sapling":33,"minecraft:iron_shovel":27,"minecraft:polished_basalt":3,"minecraft:white_concrete_powder":427,"minecraft:shield":56,"minecraft:iron_sword":1539,"paraglider:goddess_statue":5,"corail_woodcutter:oak_woodcutter":8,"twilightforest:bold_stone_pillar":35,"minecraft:carrot":10,"cataclysm:stone_tiles":44,"minecraft:axolotl_bucket":8,"minecraft:obsidian":12,"born_in_chaos_v1:corpse_maggot":7,"minecraft:mangrove_log":1,"minecraft:lantern":11,"minecraft:item_frame":15,"minecraft:redstone_lamp":21,"regions_unexplored:redwood_slab":134,"minecraft:pink_concrete_powder":8,"cataclysm:stone_tile_slab":182,"mcwwindows:oak_plank_window":9,"minecraft:diamond_boots":1,"relics:researching_table":1,"minecraft:stone_pickaxe":239,"minecraft:oak_planks":12,"minecraft:redstone_block":21,"mcwwindows:cherry_plank_pane_window":9,"minecraft:diamond_axe":34,"minecraft:mushroom_stew":2,"regions_unexplored:redwood_door":13,"minecraft:shears":2,"waystones:waystone":2,"minecraft:cyan_bed":13,"minecraft:heavy_weighted_pressure_plate":1,"minecraft:melon_slice":31,"minecraft:bread":141,"minecraft:iron_door":2,"minecraft:gravel":3,"minecraft:golden_helmet":1,"minecraft:light_blue_concrete_powder":8,"minecraft:chain":1,"regions_unexplored:redwood_stairs":190,"minecraft:white_concrete":99,"minecraft:bone_meal":212,"handcrafted:cherry_table":1,"minecraft:experience_bottle":1,"minecraft:flint_and_steel":29,"minecraft:spruce_planks":5,"minecraft:dirt":22,"minecraft:spyglass":3,"scalinghealth:heart_crystal":18,"minecraft:spruce_stairs":1,"minecraft:wooden_axe":32,"minecraft:bookshelf":17,"minecraft:cherry_trapdoor":2,"minecraft:iron_boots":1,"scalinghealth:power_crystal":1,"minecraft:golden_carrot":7,"scalinghealth:bandages":1,"minecraft:pink_tulip":1,"minecraft:cobblestone_stairs":66,"minecraft:baked_potato":54,"minecraft:stonecutter":5,"minecraft:red_mushroom":2,"minecraft:painting":53,"minecraft:apple":1,"minecraft:cracked_polished_blackstone_bricks":37,"minecraft:stone_axe":201,"regions_unexplored:redwood_trapdoor":3,"minecraft:cherry_stairs":18,"minecraft:bucket":114,"born_in_chaos_v1:wood_splitter_axe":167,"minecraft:pumpkin_pie":3,"alexsmobs:animal_dictionary":4},"minecraft:killed_by":{"born_in_chaos_v1:nightmare_stalker":3,"minecraft:zombie":1,"minecraft:husk":1,"iceandfire:cyclops":1,"minecraft:cave_spider":2,"born_in_chaos_v1:decaying_zombie":1,"minecraft:skeleton":3},"minecraft:mined":{"minecraft:blackstone_stairs":5,"iceandfire:podium_dark_oak":6,"minecraft:light_blue_concrete":8,"minecraft:red_nether_bricks":8,"cataclysm:stone_tiles":18,"minecraft:chiseled_polished_blackstone":3,"biomesoplenty:eyebulb":1,"iceandfire:pixie_house_oak":1,"minecraft:coal_block":17,"regions_unexplored:blue_bioshroom":1,"minecraft:spawner":49,"minecraft:polished_blackstone_bricks":140,"minecraft:magma_block":9,"mcwwindows:cherry_plank_window":14,"mcwwindows:cherry_shutter":5,"minecraft:barrel":16,"minecraft:fire":29,"minecraft:enchanting_table":2,"minecraft:cave_vines":1,"minecraft:light_gray_concrete":12,"minecraft:stripped_mangrove_wood":1,"minecraft:iron_block":4,"minecraft:tripwire":8,"regions_unexplored:redwood_stairs":39,"minecraft:kelp_plant":3,"minecraft:crimson_nylium":1,"minecraft:torch":39,"regions_unexplored:bladed_tall_grass":1,"regions_unexplored:peat_grass_block":3,"minecraft:melon":5,"minecraft:cyan_bed":12,"minecraft:cherry_slab":13,"minecraft:chain":10,"minecraft:cyan_wool":1,"minecraft:cherry_fence":7,"minecraft:lilac":2,"regions_unexplored:redwood_fence":11,"minecraft:grass":194,"handcrafted:cherry_nightstand":3,"minecraft:smooth_quartz":14,"minecraft:smooth_basalt":3,"minecraft:red_mushroom_block":18,"minecraft:stonecutter":4,"minecraft:piston":1,"minecraft:mossy_cobblestone":4,"regions_unexplored:redwood_slab":9,"minecraft:cherry_sapling":5,"regions_unexplored:dusktrap":1,"minecraft:jungle_planks":8,"mcwwindows:oak_plank_window":5,"minecraft:crimson_roots":2,"minecraft:redstone_wire":4,"minecraft:white_concrete_powder":2,"minecraft:black_stained_glass_pane":3,"mcwwindows:cherry_louvered_shutter":5,"minecraft:pink_concrete":8,"biomesoplenty:flesh":33,"mcwwindows:cherry_plank_pane_window":7,"bosses_of_mass_destruction:gauntlet_blackstone":1,"minecraft:smooth_quartz_stairs":2,"minecraft:bone_block":24,"regions_unexplored:redwood_log":7,"minecraft:cake":1,"regions_unexplored:flowering_shrub":2,"minecraft:smithing_table":1,"biomesoplenty:porous_flesh":1,"minecraft:redstone_block":13,"minecraft:gray_concrete":7,"minecraft:cherry_planks":33,"minecraft:brown_carpet":6,"minecraft:tall_grass":34,"regions_unexplored:blackwood_log":1,"minecraft:purple_bed":4,"minecraft:dark_prismarine_slab":1,"minecraft:mycelium":5,"minecraft:gravel":264,"regions_unexplored:blackwood_shrub":1,"minecraft:cobweb":3,"minecraft:spruce_fence_gate":1,"minecraft:polished_blackstone":24,"regions_unexplored:tassel":10,"minecraft:fern":9,"minecraft:waxed_cut_copper_slab":3,"minecraft:spruce_planks":6,"minecraft:cobblestone_stairs":15,"sophisticatedbackpacks:gold_backpack":1,"minecraft:brewing_stand":4,"minecraft:cherry_trapdoor":1,"minecraft:grass_block":3,"minecraft:white_concrete":427,"minecraft:cracked_polished_blackstone_bricks":76,"iceandfire:lectern":1,"minecraft:gilded_blackstone":4,"mcwwindows:cherry_plank_window2":9,"minecraft:glowstone":11,"minecraft:iron_ore":137,"regions_unexplored:redwood_planks":385,"minecraft:anvil":3,"mcwwindows:cherry_window":2,"minecraft:iron_bars":3,"minecraft:black_candle":1,"cozy_home:cherry_bench":1,"regions_unexplored:chalk":2270,"minecraft:spruce_slab":1,"corail_woodcutter:oak_woodcutter":5,"minecraft:blackstone":28,"handcrafted:stackable_book":4,"minecraft:soul_lantern":14,"regions_unexplored:redwood_trapdoor":4,"minecraft:chiseled_quartz_block":11,"minecraft:clay":4,"minecraft:calcite":50,"minecraft:poppy":4,"minecraft:chest":12,"minecraft:cobblestone":155,"farmersdelight:cherry_cabinet":3,"regions_unexplored:redwood_wall_sign":2,"minecraft:oak_planks":29,"cataclysm:stone_tile_slab":28,"minecraft:iron_door":2,"minecraft:light_blue_banner":1,"minecraft:wall_torch":25,"minecraft:warped_nylium":20,"minecraft:birch_log":1,"biomesoplenty:hair":2,"minecraft:oak_log":25,"regions_unexplored:peat_dirt":7,"minecraft:dirt":23,"minecraft:sand":273,"minecraft:crimson_planks":5,"minecraft:tripwire_hook":2,"regions_unexplored:cobalt_nylium":2,"minecraft:dispenser":1,"minecraft:netherrack":99,"minecraft:redstone_lamp":15,"minecraft:oak_leaves":44,"regions_unexplored:tall_pink_bioshroom":2,"minecraft:dark_oak_leaves":4,"minecraft:stripped_cherry_log":6,"gravestone:gravestone":16,"minecraft:ladder":8,"minecraft:brown_mushroom_block":34,"minecraft:large_fern":8,"minecraft:hay_block":43,"minecraft:light_blue_wall_banner":3,"minecraft:furnace":14,"minecraft:raw_gold_block":7,"minecraft:polished_basalt":3,"treechop:chopped_log":13,"minecraft:gold_block":13,"minecraft:bookshelf":21,"minecraft:shroomlight":1,"minecraft:lantern":8,"regions_unexplored:medium_grass":126,"regions_unexplored:redwood_door":6,"minecraft:stone":676,"minecraft:cherry_stairs":13,"scalinghealth:heart_crystal_ore":2,"minecraft:podzol":17,"regions_unexplored:chalk_grass_block":165,"regions_unexplored:redwood_pressure_plate":5,"minecraft:basalt":5,"minecraft:crafting_table":8,"minecraft:blackstone_slab":4,"minecraft:oak_wood":2,"minecraft:rose_bush":2,"minecraft:deepslate_coal_ore":1,"born_in_chaos_v1:chipped_black_argillite_brick":1,"regions_unexplored:daisy":24,"minecraft:polished_blackstone_brick_stairs":11,"minecraft:spruce_stairs":1,"minecraft:birch_planks":2,"minecraft:polished_blackstone_slab":2,"minecraft:polished_blackstone_stairs":7,"minecraft:redstone_torch":1,"minecraft:sweet_berry_bush":2,"regions_unexplored:redwood_leaves":1,"twilightforest:bold_stone_pillar":11,"minecraft:coal_ore":94,"minecraft:cherry_leaves":8,"regions_unexplored:blackwood_leaves":10,"paraglider:goddess_statue":6},"minecraft:picked_up":{"minecraft:iron_chestplate":2,"minecraft:anvil":3,"minecraft:smithing_table":1,"minecraft:enchanted_book":2,"minecraft:brewing_stand":5,"minecraft:polished_blackstone_brick_stairs":11,"paraglider:goddess_statue":6,"minecraft:string":45,"minecraft:red_nether_bricks":7,"paraglider:deku_leaf":3,"minecraft:shroomlight":3,"minecraft:beetroot":33,"regions_unexplored:pine_log":12,"minecraft:gold_nugget":1,"bosses_of_mass_destruction:soul_star":1,"minecraft:spruce_planks":15,"minecraft:melon_slice":92,"minecraft:coal_block":32,"regions_unexplored:pine_shrub":1,"minecraft:mangrove_log":1,"minecraft:polished_blackstone_stairs":6,"born_in_chaos_v1:shattered_skull":4,"minecraft:acacia_log":2,"minecraft:cherry_log":115,"minecraft:brown_carpet":1,"relics:horse_flute":2,"minecraft:polished_basalt":3,"minecraft:iron_block":5,"minecraft:blackstone_stairs":5,"minecraft:iron_bars":1,"minecraft:birch_log":18,"minecraft:magma_block":10,"minecraft:feather":2,"minecraft:iron_door":1,"born_in_chaos_v1:spiritual_dust":5,"minecraft:water_bucket":1,"regions_unexplored:flowering_shrub":2,"farmersdelight:cherry_cabinet":3,"minecraft:flint":25,"minecraft:cherry_fence":9,"cataclysm:stone_tile_slab":28,"minecraft:gray_concrete":4,"minecraft:lantern":15,"gnumus:gnumus_pouch_2":1,"minecraft:stonecutter":4,"minecraft:glowstone_dust":30,"regions_unexplored:blackwood_shrub":2,"minecraft:chiseled_polished_blackstone":3,"minecraft:ink_sac":3,"minecraft:barrel":17,"cataclysm:stone_tiles":18,"undead_revamp2:heavytooth":3,"minecraft:dispenser":1,"iceandfire:lectern":1,"regions_unexplored:tall_pink_bioshroom":3,"minecraft:lever":3,"knightquest:small_essence":109,"minecraft:bread":6,"alexsmobs:maggot":2,"minecraft:cherry_slab":13,"minecraft:crimson_roots":3,"minecraft:diamond_pickaxe":1,"sophisticatedbackpacks:gold_backpack":2,"minecraft:crafting_table":10,"minecraft:clay_ball":22,"born_in_chaos_v1:seedof_chaos":4,"minecraft:redstone_lamp":15,"twilightforest:bold_stone_pillar":11,"friendsandfoes:totem_of_illusion":1,"minecraft:stripped_cherry_log":6,"regions_unexplored:blue_bioshroom":1,"gravestone:obituary":6,"relics:leather_belt":3,"born_in_chaos_v1:intoxicating_decoction":7,"minecraft:iron_shovel":1,"iceandfire:bestiary":1,"minecraft:beef":35,"born_in_chaos_v1:gnawed_bones":2,"minecraft:cyan_wool":1,"minecraft:poppy":4,"minecraft:spruce_slab":2,"minecraft:chest":12,"minecraft:piston":1,"minecraft:raw_gold_block":7,"minecraft:cake":5,"born_in_chaos_v1:pieceofdarkmetal":11,"minecraft:carrot":30,"minecraft:redstone":3,"regions_unexplored:dusktrap":2,"regions_unexplored:redwood_stairs":98,"born_in_chaos_v1:wood_splitter_axe":1,"minecraft:peony":14,"relics:arrow_quiver":5,"minecraft:hay_block":119,"minecraft:gold_ingot":75,"minecraft:polished_blackstone":24,"minecraft:mutton":1,"minecraft:rail":2,"minecraft:white_wool":1,"minecraft:bone_block":28,"iceandfire:sea_serpent_fang":4,"born_in_chaos_v1:monster_flesh":6,"minecraft:tripwire_hook":2,"minecraft:blackstone_slab":4,"minecraft:red_mushroom":9,"minecraft:filled_map":1,"minecraft:oak_log":32,"scalinghealth:bandages":8,"minecraft:golden_boots":1,"relics:spore_sack":1,"minecraft:light_blue_banner":3,"minecraft:apple":78,"minecraft:kelp":22,"mcwwindows:cherry_plank_window":14,"born_in_chaos_v1:smoked_flesh":35,"regions_unexplored:redwood_sapling":87,"minecraft:iron_ore":63,"scalinghealth:power_crystal_shard":14,"minecraft:glass_bottle":1,"minecraft:smooth_basalt":3,"minecraft:sweet_berries":96,"born_in_chaos_v1:orbofthe_summoner":1,"born_in_chaos_v1:ethereal_spirit":6,"minecraft:spyglass":3,"minecraft:gravel":255,"minecraft:spruce_log":3,"minecraft:purple_bed":4,"minecraft:slime_ball":2,"minecraft:painting":53,"minecraft:warped_roots":1,"mcwwindows:cherry_window":6,"minecraft:baked_potato":268,"minecraft:wheat":14,"minecraft:light_blue_concrete":8,"minecraft:redstone_block":13,"minecraft:yellow_wool":1,"gnumus:gnumus_claw":5,"minecraft:potion":5,"minecraft:gilded_blackstone":4,"minecraft:crimson_planks":5,"mcwwindows:cherry_louvered_shutter":5,"minecraft:iron_leggings":1,"born_in_chaos_v1:dark_upgrade":1,"iceandfire:sea_serpent_scales_bronze":9,"alexsmobs:blood_sac":1,"minecraft:bucket":1,"minecraft:comparator":19,"minecraft:rose_bush":2,"minecraft:calcite":38,"minecraft:smooth_quartz":3,"minecraft:iron_pickaxe":1,"born_in_chaos_v1:stimulating_decoction":3,"regions_unexplored:blackwood_log":2,"minecraft:smooth_quartz_stairs":2,"minecraft:iron_boots":2,"regions_unexplored:redwood_log":343,"minecraft:furnace":14,"minecraft:tipped_arrow":9,"minecraft:stick":172,"minecraft:torch":87,"minecraft:spruce_stairs":2,"minecraft:porkchop":7,"born_in_chaos_v1:nightmare_claw":1,"regions_unexplored:daisy":28,"minecraft:rotten_flesh":250,"handcrafted:cherry_nightstand":3,"regions_unexplored:redwood_sign":2,"mcwwindows:cherry_plank_window2":8,"minecraft:obsidian":4,"cataclysm:stone_pillar":4,"minecraft:cobblestone":833,"minecraft:enchanting_table":2,"relics:roller_skates":2,"minecraft:lilac":2,"minecraft:repeater":2,"minecraft:cherry_planks":30,"cozy_home:cherry_bench":1,"minecraft:chiseled_quartz_block":4,"minecraft:potato":30,"paraglider:spirit_orb":123,"undead_revamp2:huntereye":2,"regions_unexplored:redwood_door":10,"minecraft:lapis_lazuli":20,"minecraft:dirt":52,"minecraft:polished_granite":1,"born_in_chaos_v1:monster_skin":6,"knightquest:ratman_eye":1,"minecraft:bone":122,"minecraft:bow":1,"minecraft:wheat_seeds":69,"minecraft:bamboo":28,"minecraft:powered_rail":5,"minecraft:oak_planks":29,"minecraft:pink_concrete":8,"regions_unexplored:redwood_trapdoor":4,"minecraft:polished_blackstone_slab":2,"minecraft:jungle_planks":7,"minecraft:sand":359,"regions_unexplored:chalk":2375,"minecraft:cyan_bed":13,"iceandfire:podium_dark_oak":6,"minecraft:mossy_cobblestone":7,"minecraft:light_gray_concrete":1,"handcrafted:stackable_book":8,"minecraft:sugar":57,"born_in_chaos_v1:fire_dust":2,"minecraft:diamond":15,"minecraft:soul_lantern":28,"waystones:waystone":4,"minecraft:cracked_polished_blackstone_bricks":74,"minecraft:white_concrete":427,"minecraft:golden_apple":9,"minecraft:emerald":33,"minecraft:oak_sapling":24,"minecraft:netherrack":116,"relics:space_dissector":5,"minecraft:oak_leaves":2,"regions_unexplored:flowering_sapling":2,"minecraft:azure_bluet":3,"minecraft:chicken":1,"minecraft:ladder":9,"biomesoplenty:flesh":33,"minecraft:brown_mushroom":5,"minecraft:gold_block":13,"minecraft:chain":14,"mcwwindows:oak_plank_window":5,"minecraft:iron_axe":2,"minecraft:item_frame":2,"minecraft:blackstone":29,"regions_unexplored:redwood_planks":886,"regions_unexplored:redwood_slab":10,"relics:drowned_belt":1,"minecraft:cherry_trapdoor":1,"minecraft:phantom_membrane":1,"minecraft:dark_oak_sapling":5,"minecraft:raw_iron":178,"minecraft:cherry_stairs":13,"corail_woodcutter:oak_woodcutter":5,"minecraft:copper_ingot":1,"minecraft:polished_blackstone_bricks":136,"minecraft:arrow":86,"mcwwindows:cherry_plank_pane_window":7,"minecraft:pumpkin_pie":3,"mcwwindows:cherry_shutter":5,"minecraft:pink_tulip":1,"regions_unexplored:redwood_pressure_plate":6,"minecraft:glistering_melon_slice":32,"regions_unexplored:peat_dirt":8,"born_in_chaos_v1:corpse_maggot":34,"minecraft:basalt":5,"minecraft:leather":7,"minecraft:birch_planks":1,"alexsmobs:cachalot_whale_tooth":1,"minecraft:mushroom_stew":9,"minecraft:gunpowder":2,"minecraft:cobblestone_stairs":15,"scalinghealth:heart_crystal":17,"regions_unexplored:tassel":7,"minecraft:iron_ingot":288,"born_in_chaos_v1:chipped_black_argillite_brick":1,"minecraft:book":68,"scalinghealth:heart_crystal_shard":22,"minecraft:warped_fungus":1,"minecraft:black_candle":3,"biomesoplenty:porous_flesh":1,"minecraft:spider_eye":9,"mowziesmobs:naga_fang":1,"regions_unexplored:redwood_fence":23,"minecraft:pumpkin_seeds":38,"minecraft:white_concrete_powder":2,"minecraft:cherry_sapling":74,"spelunkers_charm:rock":3,"minecraft:coal":220},"minecraft:killed":{"minecraft:cave_spider":11,"born_in_chaos_v1:zombie_lumberjack":3,"born_in_chaos_v1:restless_spirit":8,"born_in_chaos_v1:door_knight_not_despawn":2,"undead_revamp2:axestrom":1,"iceandfire:stymphalian_bird":1,"born_in_chaos_v1:siamese_skeletonsright":1,"born_in_chaos_v1:baby_skeleton_minion":18,"minecraft:skeleton":71,"minecraft:chicken":1,"born_in_chaos_v1:supreme_bonescaller_stage_2":2,"minecraft:magma_cube":10,"undead_revamp2:theheavy":2,"minecraft:zombie":31,"born_in_chaos_v1:corpse_fly":22,"born_in_chaos_v1:door_knight":2,"iceandfire:sea_serpent":1,"minecraft:cow":5,"mowziesmobs:naga":1,"undead_revamp2:thehunter":10,"alexsmobs:seagull":1,"born_in_chaos_v1:skeleton_thrasher_not_despawn":2,"undead_revamp2:bomber":1,"gnumus:gnumus_hunter":6,"minecraft:husk":26,"born_in_chaos_v1:bone_imp_minion":18,"undead_revamp2:the_moonflower":10,"born_in_chaos_v1:decrepit_skeleton":24,"undead_revamp2:thesomnolence":2,"undead_revamp2:thewolf":4,"born_in_chaos_v1:zombie_clown":1,"minecraft:zombified_piglin":1,"minecraft:spider":11,"endermanoverhaul:dark_oak_enderman":1,"undead_revamp2:thesmoker":6,"undead_revamp2:therod":1,"minecraft:illusioner":1,"minecraft:piglin_brute":10,"minecraft:piglin":12,"undead_revamp2:thebeartamer":2,"alexsmobs:crimson_mosquito":1,"minecraft:creeper":2,"undead_revamp2:thebidyupside":1,"born_in_chaos_v1:dread_hound":9,"minecraft:stray":7,"alexsmobs:fly":1,"knightquest:gremlin":9,"born_in_chaos_v1:siamese_skeletonsleft":1,"born_in_chaos_v1:zombie_clown_not_despawn":1,"born_in_chaos_v1:zombie_bruiser":3,"born_in_chaos_v1:maggot":19,"minecraft:phantom":2,"born_in_chaos_v1:corpse_fish":1,"undead_revamp2:sucker":7,"born_in_chaos_v1:baby_skeleton":3,"born_in_chaos_v1:swarmer":1,"knightquest:ratman":1,"minecraft:hoglin":1,"born_in_chaos_v1:bonescaller_not_despawn":4,"born_in_chaos_v1:nightmare_stalker":1}},"DataVersion":3465}