{"stats":{"minecraft:killed":{"minecraft:husk":23,"born_in_chaos_v1:maggot":3,"minecraft:skeleton":29,"born_in_chaos_v1:dread_hound":1,"born_in_chaos_v1:corpse_fly":8},"minecraft:picked_up":{"born_in_chaos_v1:corpse_maggot":9,"minecraft:crafting_table":2,"minecraft:redstone_block":1,"minecraft:repeater":2,"born_in_chaos_v1:monster_flesh":1,"minecraft:tripwire_hook":2,"minecraft:chiseled_quartz_block":2,"minecraft:potion":2,"paraglider:spirit_orb":12,"gravestone:obituary":1,"scalinghealth:heart_crystal":1,"minecraft:gray_concrete":4,"minecraft:string":4,"minecraft:dirt":11,"minecraft:red_nether_bricks":7,"minecraft:bone":26,"bosses_of_mass_destruction:soul_star":1,"minecraft:wheat_seeds":1,"minecraft:comparator":19,"regions_unexplored:redwood_sapling":10,"minecraft:calcite":29,"minecraft:chest":1,"minecraft:smooth_quartz":1,"regions_unexplored:redwood_planks":3,"minecraft:coal_block":8,"regions_unexplored:redwood_slab":3,"minecraft:smooth_quartz_stairs":2,"minecraft:piston":1,"regions_unexplored:redwood_log":218,"minecraft:furnace":7,"scalinghealth:heart_crystal_shard":11,"minecraft:stick":32,"minecraft:torch":7,"minecraft:spruce_stairs":2,"minecraft:cyan_bed":2,"minecraft:redstone":3,"minecraft:light_gray_concrete":1,"minecraft:dispenser":1,"minecraft:arrow":30,"minecraft:rotten_flesh":12,"minecraft:soul_lantern":1,"minecraft:lever":1,"knightquest:small_essence":24,"minecraft:oak_sapling":1,"minecraft:coal":1,"minecraft:cobblestone":15},"minecraft:crafted":{"minecraft:redstone":1,"minecraft:crafting_table":4,"minecraft:wooden_pickaxe":1,"minecraft:iron_sword":2,"regions_unexplored:redwood_slab":2,"scalinghealth:heart_crystal":1,"minecraft:stone_axe":2,"minecraft:air":340,"regions_unexplored:redwood_planks":68,"minecraft:stick":3,"minecraft:iron_pickaxe":1,"minecraft:stone_pickaxe":1,"minecraft:wooden_axe":1,"minecraft:stone_sword":1,"minecraft:chest":5,"minecraft:redstone_block":4,"minecraft:torch":3},"minecraft:broken":{"minecraft:stone_pickaxe":1,"minecraft:stone_axe":1,"minecraft:stone_sword":1,"minecraft:iron_sword":1},"minecraft:killed_by":{"minecraft:husk":1,"minecraft:skeleton":1},"minecraft:custom":{"minecraft:interact_with_furnace":5,"minecraft:mob_kills":64,"minecraft:tune_noteblock":1,"minecraft:interact_with_crafting_table":15,"minecraft:open_barrel":7,"minecraft:damage_dealt_resisted":36,"minecraft:eat_cake_slice":9,"minecraft:time_since_death":22382,"minecraft:sleep_in_bed":1,"minecraft:climb_one_cm":39408,"minecraft:time_since_rest":6540,"minecraft:sprint_one_cm":23905,"minecraft:damage_taken":2161,"minecraft:walk_one_cm":200116,"minecraft:drop":25,"minecraft:damage_dealt":16436,"minecraft:fly_one_cm":28018,"minecraft:open_chest":46,"minecraft:crouch_one_cm":13664,"minecraft:play_time":53892,"minecraft:deaths":2,"minecraft:sneak_time":5561,"minecraft:jump":352,"minecraft:interact_with_blast_furnace":2,"minecraft:walk_on_water_one_cm":268,"minecraft:total_world_time":53892,"minecraft:fall_one_cm":11301,"minecraft:inspect_dispenser":2},"minecraft:dropped":{"minecraft:bread":10,"regions_unexplored:redwood_slab":1,"minecraft:stone_axe":1,"minecraft:wheat_seeds":1,"minecraft:lever":1,"alexsmobs:animal_dictionary":2,"minecraft:crafting_table":2,"minecraft:cobblestone":1,"regions_unexplored:redwood_planks":192,"regions_unexplored:redwood_sapling":10,"minecraft:spruce_stairs":1,"minecraft:stick":26,"minecraft:dirt":10,"minecraft:ink_sac":15,"minecraft:wooden_axe":1,"regions_unexplored:redwood_log":150,"minecraft:oak_sapling":1,"minecraft:wooden_pickaxe":1,"minecraft:tripwire_hook":2},"minecraft:mined":{"minecraft:podzol":4,"minecraft:waxed_cut_copper_slab":3,"minecraft:redstone_block":1,"minecraft:gray_concrete":4,"regions_unexplored:redwood_slab":2,"minecraft:red_nether_bricks":8,"minecraft:soul_lantern":1,"minecraft:chiseled_quartz_block":2,"minecraft:crafting_table":2,"minecraft:torch":2,"gravestone:gravestone":4,"minecraft:calcite":41,"minecraft:chest":1,"minecraft:redstone_wire":3,"minecraft:deepslate_coal_ore":1,"minecraft:coal_block":8,"minecraft:cyan_bed":2,"minecraft:iron_door":1,"minecraft:wall_torch":3,"minecraft:spawner":7,"minecraft:spruce_stairs":1,"minecraft:black_stained_glass_pane":2,"minecraft:furnace":7,"regions_unexplored:redwood_leaves":1,"regions_unexplored:redwood_planks":3,"treechop:chopped_log":3,"minecraft:dark_prismarine_slab":1,"minecraft:smooth_quartz":4,"minecraft:light_gray_concrete":6,"minecraft:dirt":7,"minecraft:smooth_quartz_stairs":2,"regions_unexplored:medium_grass":3,"minecraft:tripwire_hook":2,"minecraft:stripped_mangrove_wood":1,"minecraft:dispenser":1,"minecraft:stone":16,"regions_unexplored:redwood_log":2,"minecraft:piston":1,"minecraft:oak_leaves":1,"minecraft:tripwire":4},"minecraft:used":{"minecraft:calcite":20,"minecraft:stone_sword":135,"minecraft:dispenser":1,"minecraft:stone_pickaxe":118,"minecraft:chest":6,"minecraft:wooden_pickaxe":10,"minecraft:stone":8,"minecraft:iron_sword":269,"minecraft:redstone_block":2,"minecraft:rotten_flesh":2,"minecraft:smooth_quartz_stairs":2,"minecraft:torch":18,"minecraft:dirt":1,"scalinghealth:heart_crystal":2,"regions_unexplored:redwood_planks":41,"minecraft:crafting_table":6,"minecraft:spruce_stairs":1,"minecraft:cake":1,"born_in_chaos_v1:corpse_maggot":7,"minecraft:wooden_axe":32,"minecraft:bread":1,"minecraft:cyan_bed":2,"minecraft:iron_pickaxe":7,"minecraft:smooth_quartz":1,"minecraft:stone_axe":82,"minecraft:redstone_lamp":2,"regions_unexplored:redwood_slab":13,"minecraft:furnace":7}},"DataVersion":3465}