{"stats":{"minecraft:broken":{"minecraft:stone_pickaxe":4,"minecraft:stone_axe":1,"minecraft:wooden_pickaxe":1},"minecraft:mined":{"regions_unexplored:chalk_grass_block":8,"alexscaves:spelunkery_table":1,"minecraft:fire_coral":2,"gravestone:gravestone":13,"minecraft:cobblestone":69,"minecraft:wall_torch":5,"minecraft:large_fern":1,"minecraft:iron_ore":6,"regions_unexplored:redwood_leaves":2,"regions_unexplored:redwood_planks":33,"treechop:chopped_log":2,"minecraft:tnt":3,"minecraft:grass":8,"minecraft:coal_ore":48,"minecraft:oak_log":2,"minecraft:lantern":2,"minecraft:gravel":11,"minecraft:dirt":27,"regions_unexplored:medium_grass":10,"regions_unexplored:chalk":251,"minecraft:stone":331,"minecraft:oak_leaves":4,"regions_unexplored:flowering_shrub":1},"minecraft:killed":{"born_in_chaos_v1:restless_spirit":1,"born_in_chaos_v1:zombie_lumberjack":1,"born_in_chaos_v1:baby_skeleton":3,"undead_revamp2:the_moonflower":1,"born_in_chaos_v1:decrepit_skeleton":1,"minecraft:sheep":2,"minecraft:skeleton":2,"creeperoverhaul:ocean_creeper":1,"undead_revamp2:therod":1,"born_in_chaos_v1:corpse_fish":2},"minecraft:killed_by":{"gnumus:gnumus_hunter":1,"born_in_chaos_v1:nightmare_stalker":3,"minecraft:skeleton":1,"born_in_chaos_v1:zombie_lumberjack":1,"born_in_chaos_v1:zombie_bruiser":1,"creeperoverhaul:spruce_creeper":1,"undead_revamp2:thehorrors":1},"minecraft:crafted":{"minecraft:cherry_planks":2,"minecraft:oak_planks":2,"minecraft:crafting_table":2,"minecraft:spruce_planks":2,"minecraft:wooden_pickaxe":2,"minecraft:furnace":2,"minecraft:stone":40,"minecraft:stone_axe":4,"minecraft:bread":1,"minecraft:air":1745,"minecraft:jungle_planks":1,"regions_unexplored:redwood_planks":401,"minecraft:stick":6,"minecraft:stone_pickaxe":7,"regions_unexplored:redwood_door":1,"minecraft:chest":8,"minecraft:iron_shovel":1,"minecraft:torch":15},"minecraft:dropped":{"minecraft:stone_axe":1,"minecraft:wheat_seeds":2,"minecraft:cobblestone":179,"minecraft:oak_planks":1,"regions_unexplored:tassel":2,"regions_unexplored:redwood_planks":247,"minecraft:dirt":4,"minecraft:stone_button":1,"scalinghealth:heart_crystal":1,"minecraft:torch":7,"minecraft:spruce_planks":1,"regions_unexplored:redwood_log":186,"gravestone:obituary":7,"minecraft:stone_pickaxe":2,"undead_revamp2:blacpetalblock":1,"regions_unexplored:chalk":75},"minecraft:custom":{"minecraft:interact_with_furnace":14,"minecraft:mob_kills":16,"minecraft:interact_with_crafting_table":18,"minecraft:open_barrel":3,"minecraft:interact_with_loom":4,"minecraft:damage_dealt_resisted":18,"minecraft:leave_game":5,"minecraft:time_since_death":4159,"minecraft:time_since_rest":4189,"minecraft:sprint_one_cm":88708,"minecraft:damage_taken":4914,"minecraft:walk_one_cm":463885,"minecraft:drop":36,"minecraft:damage_dealt":2963,"minecraft:swim_one_cm":109313,"minecraft:player_kills":1,"minecraft:fly_one_cm":111711,"minecraft:open_chest":44,"minecraft:crouch_one_cm":17657,"minecraft:play_time":112844,"minecraft:deaths":12,"minecraft:sneak_time":5578,"minecraft:walk_under_water_one_cm":26965,"minecraft:jump":1253,"minecraft:walk_on_water_one_cm":11921,"minecraft:total_world_time":112844,"minecraft:fall_one_cm":32544},"minecraft:used":{"minecraft:iron_shovel":27,"minecraft:stone_pickaxe":666,"minecraft:chest":8,"minecraft:wooden_pickaxe":60,"minecraft:stone":40,"regions_unexplored:salmonberry":3,"minecraft:salmon":1,"regions_unexplored:chalk":217,"minecraft:torch":31,"minecraft:dirt":14,"regions_unexplored:redwood_planks":268,"minecraft:tnt":2,"minecraft:crafting_table":2,"minecraft:cod":1,"regions_unexplored:redwood_door":1,"regions_unexplored:flowering_shrub":1,"minecraft:lantern":2,"minecraft:bread":1,"minecraft:gravel":13,"minecraft:stone_axe":144,"alexscaves:spelunkery_table":1,"minecraft:cobblestone":190,"minecraft:furnace":2,"minecraft:chain":1},"minecraft:picked_up":{"minecraft:salmon":1,"minecraft:jungle_log":1,"regions_unexplored:flowering_shrub":1,"minecraft:flint":2,"minecraft:oak_log":2,"minecraft:chain":1,"gravestone:obituary":1,"scalinghealth:heart_crystal":1,"regions_unexplored:tassel":2,"minecraft:dirt":33,"minecraft:lantern":2,"minecraft:bone":6,"undead_revamp2:blacpetalblock":1,"minecraft:wheat_seeds":4,"regions_unexplored:redwood_sapling":38,"minecraft:stone_pickaxe":1,"scalinghealth:power_crystal_shard":2,"regions_unexplored:redwood_planks":33,"regions_unexplored:redwood_log":587,"minecraft:stick":49,"minecraft:raw_iron":6,"minecraft:copper_ingot":1,"regions_unexplored:salmonberry":6,"minecraft:torch":8,"minecraft:gravel":20,"minecraft:cherry_log":2,"minecraft:stone_button":1,"regions_unexplored:chalk":252,"minecraft:spruce_log":2,"minecraft:mossy_cobblestone":1,"minecraft:tnt":3,"minecraft:arrow":2,"minecraft:rotten_flesh":4,"knightquest:small_essence":1,"alexscaves:spelunkery_table":1,"minecraft:mutton":4,"minecraft:black_wool":1,"minecraft:cod":1,"minecraft:oak_sapling":1,"minecraft:coal":47,"minecraft:white_wool":1,"minecraft:cobblestone":449}},"DataVersion":3465}