{"stats":{"minecraft:broken":{"minecraft:iron_boots":3,"minecraft:iron_chestplate":1,"minecraft:iron_leggings":2,"minecraft:iron_sword":3,"minecraft:stone_sword":1,"minecraft:shield":1,"minecraft:iron_axe":5,"minecraft:iron_pickaxe":7,"minecraft:iron_helmet":2,"minecraft:stone_pickaxe":1,"minecraft:stone_axe":3},"minecraft:used":{"iceandfire:lectern":1,"minecraft:beetroot":2,"minecraft:polished_blackstone":8,"farmersdelight:cherry_cabinet":3,"minecraft:spruce_slab":1,"minecraft:dispenser":1,"minecraft:ladder":20,"minecraft:chest":41,"minecraft:stone":49,"minecraft:rotten_flesh":2,"handcrafted:stackable_book":25,"mcwwindows:cherry_louvered_shutter":5,"born_in_chaos_v1:smoked_flesh":13,"minecraft:lava_bucket":2,"minecraft:bow":108,"regions_unexplored:redwood_pressure_plate":5,"minecraft:oak_sapling":1,"minecraft:furnace":15,"biomesoplenty:flesh":8,"minecraft:blackstone_stairs":2,"minecraft:blackstone":9,"minecraft:wooden_pickaxe":10,"minecraft:oak_leaves":1,"minecraft:smooth_quartz_stairs":2,"regions_unexplored:chalk":775,"minecraft:golden_apple":1,"regions_unexplored:redwood_planks":1495,"relics:horse_flute":67,"regions_unexplored:redwood_fence":94,"regions_unexplored:redwood_log":22,"minecraft:cherry_hanging_sign":6,"minecraft:stone_button":1,"mcwwindows:cherry_plank_window":48,"minecraft:soul_lantern":22,"minecraft:coal_block":1,"minecraft:birch_log":1,"cozy_home:cherry_bench":3,"minecraft:enchanting_table":3,"minecraft:stone_sword":135,"mcwwindows:cherry_shutter":5,"minecraft:netherrack":60,"minecraft:torch":178,"minecraft:brewing_stand":4,"minecraft:anvil":4,"mcwwindows:cherry_plank_window2":11,"minecraft:shroomlight":2,"handcrafted:cherry_nightstand":4,"iceandfire:podium_dark_oak":5,"minecraft:iron_axe":1240,"minecraft:cherry_slab":18,"minecraft:smooth_quartz":1,"minecraft:barrel":22,"minecraft:cherry_fence":65,"minecraft:cherry_log":6,"minecraft:golden_axe":13,"sophisticatedbackpacks:gold_backpack":1,"minecraft:calcite":20,"minecraft:water_bucket":92,"minecraft:bundle":4,"weather2:weather_deflector":1,"minecraft:cherry_planks":223,"regions_unexplored:tall_pink_bioshroom":2,"minecraft:crafting_table":16,"minecraft:cake":1,"minecraft:diamond_pickaxe":1710,"minecraft:diamond_shovel":24,"minecraft:iron_pickaxe":2227,"minecraft:cobblestone":429,"minecraft:potion":1,"minecraft:purple_bed":4,"mcwwindows:cherry_window":18,"minecraft:light_blue_banner":3,"minecraft:cherry_sapling":33,"minecraft:iron_shovel":27,"minecraft:shield":56,"minecraft:iron_sword":1492,"paraglider:goddess_statue":5,"corail_woodcutter:oak_woodcutter":8,"twilightforest:bold_stone_pillar":35,"minecraft:carrot":10,"cataclysm:stone_tiles":44,"minecraft:axolotl_bucket":8,"minecraft:obsidian":12,"born_in_chaos_v1:corpse_maggot":7,"minecraft:mangrove_log":1,"minecraft:lantern":11,"minecraft:item_frame":14,"minecraft:redstone_lamp":21,"regions_unexplored:redwood_slab":134,"cataclysm:stone_tile_slab":182,"mcwwindows:oak_plank_window":9,"minecraft:stone_pickaxe":239,"minecraft:oak_planks":12,"minecraft:redstone_block":21,"minecraft:diamond_axe":34,"mcwwindows:cherry_plank_pane_window":9,"minecraft:mushroom_stew":2,"regions_unexplored:redwood_door":13,"minecraft:shears":2,"waystones:waystone":2,"minecraft:heavy_weighted_pressure_plate":1,"minecraft:melon_slice":31,"minecraft:bread":114,"minecraft:cyan_bed":13,"minecraft:iron_door":2,"minecraft:gravel":3,"minecraft:chain":1,"regions_unexplored:redwood_stairs":190,"minecraft:bone_meal":183,"handcrafted:cherry_table":1,"minecraft:experience_bottle":1,"minecraft:flint_and_steel":29,"minecraft:spruce_planks":5,"minecraft:dirt":22,"minecraft:spyglass":3,"scalinghealth:heart_crystal":16,"minecraft:spruce_stairs":1,"minecraft:wooden_axe":32,"minecraft:bookshelf":17,"minecraft:cherry_trapdoor":2,"minecraft:iron_boots":1,"scalinghealth:bandages":1,"minecraft:pink_tulip":1,"minecraft:cobblestone_stairs":66,"minecraft:baked_potato":53,"minecraft:stonecutter":5,"minecraft:red_mushroom":2,"minecraft:painting":53,"minecraft:apple":1,"minecraft:cracked_polished_blackstone_bricks":27,"minecraft:stone_axe":201,"regions_unexplored:redwood_trapdoor":3,"minecraft:cherry_stairs":18,"minecraft:bucket":104,"born_in_chaos_v1:wood_splitter_axe":167,"minecraft:pumpkin_pie":3,"alexsmobs:animal_dictionary":4},"minecraft:killed_by":{"born_in_chaos_v1:nightmare_stalker":2,"minecraft:zombie":1,"minecraft:husk":1,"iceandfire:cyclops":1,"minecraft:cave_spider":2,"born_in_chaos_v1:decaying_zombie":1,"minecraft:skeleton":3},"minecraft:dropped":{"minecraft:iron_sword":1,"minecraft:lapis_lazuli":20,"minecraft:glass_bottle":1,"minecraft:diamond":15,"minecraft:crafting_table":3,"minecraft:rail":2,"minecraft:red_mushroom":6,"sophisticatedbackpacks:gold_backpack":1,"minecraft:emerald":32,"born_in_chaos_v1:monster_flesh":2,"minecraft:dirt":11,"handcrafted:stackable_book":7,"gnumus:gnumus_claw":3,"minecraft:chain":6,"minecraft:sugar":38,"regions_unexplored:chalk":8,"minecraft:bone":17,"minecraft:stone_axe":1,"minecraft:lever":3,"alexsmobs:animal_dictionary":2,"minecraft:wheat":14,"minecraft:obsidian":4,"minecraft:rotten_flesh":105,"born_in_chaos_v1:smoked_flesh":35,"regions_unexplored:redwood_fence":12,"regions_unexplored:redwood_planks":443,"minecraft:tipped_arrow":3,"minecraft:ladder":1,"minecraft:beef":16,"minecraft:cherry_fence":2,"minecraft:iron_ingot":73,"born_in_chaos_v1:intoxicating_decoction":6,"minecraft:wheat_seeds":28,"minecraft:iron_helmet":1,"minecraft:cobblestone":40,"minecraft:book":5,"minecraft:apple":50,"regions_unexplored:flowering_sapling":4,"minecraft:golden_apple":6,"minecraft:mushroom_stew":6,"minecraft:ink_sac":15,"minecraft:wooden_axe":1,"regions_unexplored:dusktrap":2,"regions_unexplored:redwood_log":268,"minecraft:potion":1,"minecraft:iron_shovel":2,"minecraft:string":2,"minecraft:bowl":2,"regions_unexplored:tall_pink_bioshroom":1,"minecraft:clay_ball":22,"minecraft:iron_boots":2,"minecraft:cherry_slab":1,"minecraft:shears":1,"minecraft:pumpkin_seeds":76,"regions_unexplored:redwood_pressure_plate":1,"minecraft:potato":23,"minecraft:hay_block":38,"minecraft:shroomlight":2,"minecraft:peony":21,"minecraft:spruce_planks":10,"minecraft:spider_eye":1,"minecraft:barrel":1,"minecraft:bamboo":21,"knightquest:small_essence":17,"minecraft:bow":1,"relics:arrow_quiver":1,"waystones:waystone":1,"minecraft:brown_mushroom":1,"minecraft:diamond_axe":1,"minecraft:baked_potato":127,"minecraft:dark_oak_sapling":5,"minecraft:lantern":5,"minecraft:jungle_planks":7,"relics:horse_flute":1,"regions_unexplored:redwood_sapling":164,"regions_unexplored:blue_bioshroom":1,"regions_unexplored:flowering_shrub":1,"paraglider:spirit_orb":48,"minecraft:flint":8,"gravestone:obituary":27,"minecraft:pumpkin_pie":2,"minecraft:glistering_melon_slice":24,"paraglider:paraglider":1,"minecraft:birch_log":3,"minecraft:gold_ingot":15,"minecraft:spyglass":1,"minecraft:soul_lantern":6,"minecraft:beetroot":23,"relics:space_dissector":1,"born_in_chaos_v1:dark_upgrade":1,"paraglider:deku_leaf":3,"minecraft:carrot":10,"minecraft:gunpowder":7,"born_in_chaos_v1:corpse_maggot":8,"minecraft:iron_ore":40,"minecraft:arrow":13,"minecraft:powered_rail":2,"minecraft:polished_granite":1,"minecraft:bread":53,"regions_unexplored:redwood_slab":1,"minecraft:cherry_log":4,"minecraft:golden_axe":1,"cataclysm:stone_pillar":6,"minecraft:copper_ingot":1,"minecraft:spruce_stairs":1,"regions_unexplored:blackwood_shrub":1,"minecraft:stick":65,"minecraft:iron_block":1,"minecraft:brewing_stand":1,"minecraft:torch":2,"minecraft:melon_slice":39,"minecraft:smooth_quartz":2,"minecraft:iron_leggings":1,"minecraft:iron_axe":1,"minecraft:tripwire_hook":2,"minecraft:redstone":2,"minecraft:sweet_berries":52,"minecraft:raw_iron":49,"minecraft:filled_map":2,"gnumus:gnumus_pouch_2":1,"minecraft:iron_chestplate":2,"minecraft:cake":2,"minecraft:oak_sapling":1,"minecraft:spruce_log":1,"minecraft:wooden_pickaxe":1},"minecraft:custom":{"minecraft:interact_with_crafting_table":172,"minecraft:open_barrel":312,"minecraft:bell_ring":1,"minecraft:eat_cake_slice":14,"minecraft:leave_game":27,"minecraft:time_since_death":559600,"minecraft:damage_blocked_by_shield":3192,"minecraft:play_time":996888,"minecraft:deaths":11,"minecraft:jump":8914,"minecraft:enchant_item":2,"minecraft:interact_with_furnace":128,"minecraft:sleep_in_bed":30,"minecraft:waystone_activated":8,"minecraft:damage_dealt":90304,"corail_woodcutter:interact_with_sawmill":4,"minecraft:inspect_dispenser":4,"minecraft:horse_one_cm":645715,"minecraft:interact_with_smithing_table":1,"minecraft:interact_with_anvil":7,"minecraft:inspect_hopper":1,"minecraft:damage_dealt_absorbed":80,"minecraft:sneak_time":33917,"minecraft:interact_with_blast_furnace":3,"minecraft:total_world_time":996888,"minecraft:tune_noteblock":1,"minecraft:interact_with_stonecutter":13,"minecraft:time_since_rest":36832,"minecraft:swim_one_cm":209744,"minecraft:fly_one_cm":1106372,"minecraft:open_chest":1034,"minecraft:fall_one_cm":200090,"minecraft:sprint_one_cm":825705,"minecraft:drop":320,"minecraft:interact_with_brewingstand":5,"minecraft:walk_on_water_one_cm":103665,"minecraft:interact_with_loom":2,"minecraft:crouch_one_cm":112607,"minecraft:mob_kills":378,"minecraft:damage_dealt_resisted":9880,"minecraft:climb_one_cm":184879,"minecraft:walk_one_cm":4058132,"minecraft:walk_under_water_one_cm":126298,"minecraft:interact_with_grindstone":1,"minecraft:damage_taken":32779,"minecraft:damage_absorbed":39},"minecraft:picked_up":{"minecraft:iron_chestplate":2,"minecraft:anvil":3,"minecraft:smithing_table":1,"minecraft:enchanted_book":1,"minecraft:brewing_stand":5,"minecraft:polished_blackstone_brick_stairs":9,"paraglider:goddess_statue":6,"minecraft:string":41,"minecraft:red_nether_bricks":7,"paraglider:deku_leaf":3,"minecraft:shroomlight":3,"minecraft:beetroot":33,"regions_unexplored:pine_log":12,"bosses_of_mass_destruction:soul_star":1,"minecraft:spruce_planks":15,"minecraft:melon_slice":92,"minecraft:coal_block":32,"regions_unexplored:pine_shrub":1,"minecraft:mangrove_log":1,"minecraft:polished_blackstone_stairs":5,"born_in_chaos_v1:shattered_skull":4,"minecraft:acacia_log":2,"minecraft:cherry_log":115,"minecraft:brown_carpet":1,"relics:horse_flute":1,"minecraft:iron_block":5,"minecraft:blackstone_stairs":4,"minecraft:birch_log":18,"minecraft:magma_block":10,"minecraft:feather":2,"minecraft:iron_door":1,"born_in_chaos_v1:spiritual_dust":5,"minecraft:water_bucket":1,"regions_unexplored:flowering_shrub":2,"farmersdelight:cherry_cabinet":3,"minecraft:flint":3,"minecraft:cherry_fence":9,"cataclysm:stone_tile_slab":28,"minecraft:gray_concrete":4,"minecraft:lantern":15,"gnumus:gnumus_pouch_2":1,"minecraft:stonecutter":4,"minecraft:glowstone_dust":30,"regions_unexplored:blackwood_shrub":2,"minecraft:chiseled_polished_blackstone":2,"minecraft:barrel":17,"cataclysm:stone_tiles":18,"undead_revamp2:heavytooth":3,"minecraft:dispenser":1,"iceandfire:lectern":1,"regions_unexplored:tall_pink_bioshroom":3,"minecraft:lever":3,"knightquest:small_essence":103,"minecraft:bread":6,"alexsmobs:maggot":2,"minecraft:cherry_slab":13,"minecraft:crimson_roots":1,"sophisticatedbackpacks:gold_backpack":2,"minecraft:crafting_table":10,"minecraft:clay_ball":22,"born_in_chaos_v1:seedof_chaos":4,"minecraft:redstone_lamp":15,"twilightforest:bold_stone_pillar":11,"friendsandfoes:totem_of_illusion":1,"minecraft:stripped_cherry_log":6,"regions_unexplored:blue_bioshroom":1,"gravestone:obituary":5,"relics:leather_belt":1,"born_in_chaos_v1:intoxicating_decoction":7,"minecraft:iron_shovel":1,"iceandfire:bestiary":1,"minecraft:beef":35,"born_in_chaos_v1:gnawed_bones":2,"minecraft:cyan_wool":1,"minecraft:spruce_slab":2,"minecraft:chest":12,"minecraft:piston":1,"minecraft:cake":5,"minecraft:redstone":3,"born_in_chaos_v1:pieceofdarkmetal":9,"minecraft:carrot":30,"regions_unexplored:dusktrap":2,"regions_unexplored:redwood_stairs":98,"born_in_chaos_v1:wood_splitter_axe":1,"minecraft:peony":14,"relics:arrow_quiver":2,"minecraft:hay_block":119,"minecraft:gold_ingot":74,"minecraft:polished_blackstone":9,"minecraft:rail":2,"iceandfire:sea_serpent_fang":4,"born_in_chaos_v1:monster_flesh":6,"minecraft:tripwire_hook":2,"minecraft:red_mushroom":9,"minecraft:filled_map":1,"minecraft:oak_log":31,"scalinghealth:bandages":7,"minecraft:light_blue_banner":3,"minecraft:apple":78,"mcwwindows:cherry_plank_window":14,"born_in_chaos_v1:smoked_flesh":35,"regions_unexplored:redwood_sapling":87,"minecraft:iron_ore":63,"scalinghealth:power_crystal_shard":3,"minecraft:smooth_basalt":1,"minecraft:sweet_berries":96,"born_in_chaos_v1:orbofthe_summoner":1,"born_in_chaos_v1:ethereal_spirit":4,"minecraft:spyglass":3,"minecraft:gravel":32,"minecraft:spruce_log":3,"minecraft:purple_bed":4,"minecraft:slime_ball":2,"minecraft:painting":53,"minecraft:warped_roots":1,"mcwwindows:cherry_window":6,"minecraft:baked_potato":268,"minecraft:wheat":14,"minecraft:redstone_block":13,"gnumus:gnumus_claw":5,"minecraft:potion":5,"minecraft:gilded_blackstone":4,"mcwwindows:cherry_louvered_shutter":5,"born_in_chaos_v1:dark_upgrade":1,"iceandfire:sea_serpent_scales_bronze":9,"minecraft:bucket":1,"minecraft:comparator":19,"minecraft:rose_bush":2,"minecraft:calcite":38,"minecraft:smooth_quartz":3,"minecraft:iron_pickaxe":1,"born_in_chaos_v1:stimulating_decoction":3,"regions_unexplored:blackwood_log":2,"minecraft:smooth_quartz_stairs":2,"minecraft:iron_boots":1,"minecraft:furnace":14,"regions_unexplored:redwood_log":343,"minecraft:tipped_arrow":9,"minecraft:stick":172,"minecraft:torch":87,"minecraft:spruce_stairs":2,"minecraft:porkchop":3,"born_in_chaos_v1:nightmare_claw":1,"regions_unexplored:daisy":3,"minecraft:rotten_flesh":234,"handcrafted:cherry_nightstand":3,"regions_unexplored:redwood_sign":2,"mcwwindows:cherry_plank_window2":8,"minecraft:obsidian":4,"cataclysm:stone_pillar":4,"minecraft:cobblestone":801,"minecraft:enchanting_table":2,"minecraft:lilac":2,"minecraft:repeater":2,"minecraft:cherry_planks":30,"cozy_home:cherry_bench":1,"minecraft:chiseled_quartz_block":4,"minecraft:potato":30,"paraglider:spirit_orb":120,"undead_revamp2:huntereye":2,"regions_unexplored:redwood_door":10,"minecraft:lapis_lazuli":20,"minecraft:dirt":52,"minecraft:polished_granite":1,"born_in_chaos_v1:monster_skin":6,"knightquest:ratman_eye":1,"minecraft:bone":119,"minecraft:bow":1,"minecraft:wheat_seeds":43,"minecraft:bamboo":28,"minecraft:powered_rail":5,"minecraft:oak_planks":29,"regions_unexplored:redwood_trapdoor":4,"minecraft:jungle_planks":7,"minecraft:sand":107,"regions_unexplored:chalk":2261,"minecraft:cyan_bed":13,"iceandfire:podium_dark_oak":5,"minecraft:light_gray_concrete":1,"handcrafted:stackable_book":8,"minecraft:sugar":57,"born_in_chaos_v1:fire_dust":2,"minecraft:diamond":15,"minecraft:soul_lantern":28,"waystones:waystone":3,"minecraft:cracked_polished_blackstone_bricks":54,"minecraft:golden_apple":9,"minecraft:emerald":33,"minecraft:netherrack":108,"minecraft:oak_sapling":24,"minecraft:oak_leaves":2,"relics:space_dissector":3,"regions_unexplored:flowering_sapling":2,"minecraft:azure_bluet":3,"minecraft:chicken":1,"minecraft:ladder":9,"biomesoplenty:flesh":18,"minecraft:brown_mushroom":5,"minecraft:gold_block":4,"minecraft:chain":13,"mcwwindows:oak_plank_window":5,"minecraft:iron_axe":2,"minecraft:item_frame":1,"minecraft:blackstone":20,"regions_unexplored:redwood_planks":886,"regions_unexplored:redwood_slab":10,"minecraft:cherry_trapdoor":1,"minecraft:dark_oak_sapling":5,"minecraft:raw_iron":178,"minecraft:cherry_stairs":13,"corail_woodcutter:oak_woodcutter":5,"minecraft:copper_ingot":1,"minecraft:polished_blackstone_bricks":103,"minecraft:arrow":86,"mcwwindows:cherry_plank_pane_window":7,"minecraft:pumpkin_pie":3,"mcwwindows:cherry_shutter":5,"minecraft:pink_tulip":1,"regions_unexplored:redwood_pressure_plate":6,"minecraft:glistering_melon_slice":32,"regions_unexplored:peat_dirt":8,"born_in_chaos_v1:corpse_maggot":34,"minecraft:basalt":1,"minecraft:leather":6,"minecraft:birch_planks":1,"minecraft:mushroom_stew":9,"minecraft:gunpowder":2,"minecraft:cobblestone_stairs":15,"scalinghealth:heart_crystal":14,"regions_unexplored:tassel":3,"minecraft:iron_ingot":288,"born_in_chaos_v1:chipped_black_argillite_brick":1,"minecraft:book":68,"scalinghealth:heart_crystal_shard":19,"minecraft:warped_fungus":1,"biomesoplenty:porous_flesh":1,"minecraft:spider_eye":9,"mowziesmobs:naga_fang":1,"regions_unexplored:redwood_fence":23,"minecraft:pumpkin_seeds":38,"minecraft:cherry_sapling":74,"spelunkers_charm:rock":3,"minecraft:coal":220},"minecraft:crafted":{"farmersdelight:cherry_cabinet":1,"minecraft:diamond_shovel":1,"minecraft:bookshelf":17,"paraglider:deku_leaf":1,"minecraft:glass":103,"minecraft:iron_door":3,"mcwwindows:cherry_plank_pane_window":1,"minecraft:diamond_axe":1,"handcrafted:cherry_table":1,"mcwwindows:window_base":26,"regions_unexplored:redwood_door":1,"minecraft:iron_pickaxe":7,"minecraft:iron_block":37,"mcwwindows:cherry_plank_window2":8,"mcwwindows:cherry_shutter":1,"minecraft:diamond_hoe":1,"minecraft:bone_meal":76,"minecraft:cherry_trapdoor":5,"minecraft:ladder":10,"minecraft:cherry_stairs":5,"minecraft:stone_pickaxe":1,"minecraft:redstone_block":18,"regions_unexplored:redwood_stairs":49,"minecraft:wheat":8,"minecraft:coal_block":4,"minecraft:enchanting_table":1,"sophisticatedbackpacks:gold_backpack":1,"minecraft:bone":2,"mcwwindows:cherry_louvered_shutter":1,"minecraft:wooden_axe":1,"minecraft:iron_leggings":2,"cozy_home:cherry_bench":2,"minecraft:cherry_hanging_sign":1,"regions_unexplored:redwood_trapdoor":1,"mcwwindows:window_half_bar_base":10,"minecraft:oak_planks":31,"weather2:weather_item":1,"minecraft:cherry_slab":5,"minecraft:cobblestone_stairs":23,"minecraft:stone":156,"minecraft:heavy_weighted_pressure_plate":1,"weather2:weather_deflector":1,"minecraft:iron_boots":3,"mcwwindows:cherry_window":4,"minecraft:chest":31,"corail_woodcutter:oak_woodcutter":1,"minecraft:cherry_fence":22,"minecraft:item_frame":13,"sophisticatedbackpacks:backpack":1,"minecraft:crafting_table":9,"minecraft:iron_helmet":3,"minecraft:wooden_pickaxe":1,"mcwwindows:cherry_plank_window":9,"handcrafted:cherry_nightstand":1,"minecraft:birch_planks":2,"twilightforest:bold_stone_pillar":1,"minecraft:diamond_pickaxe":1,"minecraft:shield":1,"minecraft:stick":116,"minecraft:iron_ingot":65,"minecraft:stone_sword":1,"minecraft:shears":1,"minecraft:cherry_planks":101,"minecraft:redstone":4,"regions_unexplored:redwood_fence":28,"regions_unexplored:redwood_slab":22,"minecraft:furnace":1,"minecraft:stone_button":1,"minecraft:flint_and_steel":2,"minecraft:leather":8,"minecraft:iron_axe":4,"handcrafted:stackable_book":6,"sophisticatedbackpacks:iron_backpack":1,"paraglider:paraglider":2,"minecraft:iron_sword":3,"minecraft:cooked_salmon":2,"scalinghealth:heart_crystal":2,"minecraft:bucket":2,"minecraft:stone_axe":3,"undead_revamp2:luckysack":1,"minecraft:bread":15,"minecraft:air":3912,"mcwwindows:oak_plank_window":2,"cozy_home:cherry_plank":5,"regions_unexplored:redwood_planks":486,"minecraft:stonecutter":1,"minecraft:anvil":1,"minecraft:acacia_planks":2,"minecraft:torch":26},"minecraft:killed":{"minecraft:cave_spider":11,"born_in_chaos_v1:zombie_lumberjack":3,"born_in_chaos_v1:restless_spirit":6,"born_in_chaos_v1:door_knight_not_despawn":2,"undead_revamp2:axestrom":1,"born_in_chaos_v1:siamese_skeletonsright":1,"born_in_chaos_v1:baby_skeleton_minion":18,"minecraft:skeleton":71,"minecraft:chicken":1,"born_in_chaos_v1:supreme_bonescaller_stage_2":2,"undead_revamp2:theheavy":2,"minecraft:zombie":30,"born_in_chaos_v1:corpse_fly":22,"born_in_chaos_v1:door_knight":2,"iceandfire:sea_serpent":1,"minecraft:cow":5,"mowziesmobs:naga":1,"undead_revamp2:thehunter":7,"alexsmobs:seagull":1,"born_in_chaos_v1:skeleton_thrasher_not_despawn":2,"undead_revamp2:bomber":1,"gnumus:gnumus_hunter":6,"minecraft:husk":26,"born_in_chaos_v1:bone_imp_minion":18,"undead_revamp2:the_moonflower":9,"born_in_chaos_v1:decrepit_skeleton":22,"undead_revamp2:thesomnolence":2,"undead_revamp2:thewolf":3,"born_in_chaos_v1:zombie_clown":1,"minecraft:spider":10,"endermanoverhaul:dark_oak_enderman":1,"undead_revamp2:thesmoker":6,"undead_revamp2:therod":1,"minecraft:illusioner":1,"minecraft:piglin_brute":2,"minecraft:piglin":4,"undead_revamp2:thebeartamer":1,"minecraft:creeper":2,"undead_revamp2:thebidyupside":1,"born_in_chaos_v1:dread_hound":9,"minecraft:stray":7,"alexsmobs:fly":1,"born_in_chaos_v1:siamese_skeletonsleft":1,"born_in_chaos_v1:zombie_clown_not_despawn":1,"born_in_chaos_v1:zombie_bruiser":2,"born_in_chaos_v1:maggot":19,"born_in_chaos_v1:corpse_fish":1,"undead_revamp2:sucker":7,"born_in_chaos_v1:baby_skeleton":2,"born_in_chaos_v1:swarmer":1,"knightquest:ratman":1,"born_in_chaos_v1:bonescaller_not_despawn":4,"born_in_chaos_v1:nightmare_stalker":1},"minecraft:mined":{"minecraft:blackstone_stairs":4,"iceandfire:podium_dark_oak":5,"minecraft:red_nether_bricks":8,"cataclysm:stone_tiles":18,"minecraft:chiseled_polished_blackstone":2,"biomesoplenty:eyebulb":1,"iceandfire:pixie_house_oak":1,"minecraft:coal_block":17,"regions_unexplored:blue_bioshroom":1,"minecraft:spawner":48,"minecraft:polished_blackstone_bricks":105,"mcwwindows:cherry_plank_window":14,"minecraft:magma_block":9,"mcwwindows:cherry_shutter":5,"minecraft:fire":29,"minecraft:barrel":16,"minecraft:enchanting_table":2,"minecraft:cave_vines":1,"minecraft:light_gray_concrete":12,"minecraft:iron_block":4,"minecraft:stripped_mangrove_wood":1,"minecraft:tripwire":8,"regions_unexplored:redwood_stairs":39,"minecraft:kelp_plant":2,"minecraft:torch":39,"regions_unexplored:bladed_tall_grass":1,"regions_unexplored:peat_grass_block":3,"minecraft:melon":5,"minecraft:cyan_bed":12,"minecraft:cherry_slab":13,"minecraft:chain":9,"minecraft:cyan_wool":1,"minecraft:cherry_fence":7,"minecraft:lilac":2,"regions_unexplored:redwood_fence":11,"minecraft:grass":85,"handcrafted:cherry_nightstand":3,"minecraft:smooth_quartz":14,"minecraft:smooth_basalt":1,"minecraft:red_mushroom_block":18,"minecraft:stonecutter":4,"minecraft:piston":1,"minecraft:mossy_cobblestone":4,"regions_unexplored:redwood_slab":9,"regions_unexplored:dusktrap":1,"minecraft:cherry_sapling":5,"minecraft:jungle_planks":8,"mcwwindows:oak_plank_window":5,"minecraft:redstone_wire":4,"minecraft:black_stained_glass_pane":3,"mcwwindows:cherry_louvered_shutter":5,"biomesoplenty:flesh":18,"mcwwindows:cherry_plank_pane_window":7,"minecraft:smooth_quartz_stairs":2,"regions_unexplored:redwood_log":7,"minecraft:cake":1,"regions_unexplored:flowering_shrub":2,"minecraft:smithing_table":1,"biomesoplenty:porous_flesh":1,"minecraft:redstone_block":13,"minecraft:gray_concrete":7,"minecraft:cherry_planks":33,"minecraft:brown_carpet":6,"minecraft:tall_grass":11,"regions_unexplored:blackwood_log":1,"minecraft:purple_bed":4,"minecraft:dark_prismarine_slab":1,"minecraft:mycelium":5,"minecraft:gravel":33,"regions_unexplored:blackwood_shrub":1,"minecraft:cobweb":3,"minecraft:polished_blackstone":9,"minecraft:spruce_fence_gate":1,"regions_unexplored:tassel":5,"minecraft:fern":9,"minecraft:waxed_cut_copper_slab":3,"minecraft:spruce_planks":6,"minecraft:cobblestone_stairs":15,"sophisticatedbackpacks:gold_backpack":1,"minecraft:brewing_stand":4,"minecraft:cherry_trapdoor":1,"minecraft:grass_block":3,"minecraft:cracked_polished_blackstone_bricks":55,"iceandfire:lectern":1,"minecraft:gilded_blackstone":4,"mcwwindows:cherry_plank_window2":9,"minecraft:glowstone":11,"minecraft:iron_ore":137,"regions_unexplored:redwood_planks":385,"minecraft:anvil":3,"mcwwindows:cherry_window":2,"minecraft:iron_bars":2,"cozy_home:cherry_bench":1,"regions_unexplored:chalk":2138,"minecraft:spruce_slab":1,"corail_woodcutter:oak_woodcutter":5,"minecraft:blackstone":20,"handcrafted:stackable_book":4,"minecraft:soul_lantern":14,"regions_unexplored:redwood_trapdoor":4,"minecraft:chiseled_quartz_block":11,"minecraft:clay":4,"minecraft:calcite":50,"minecraft:chest":12,"minecraft:cobblestone":155,"farmersdelight:cherry_cabinet":3,"regions_unexplored:redwood_wall_sign":2,"minecraft:oak_planks":29,"cataclysm:stone_tile_slab":28,"minecraft:iron_door":2,"minecraft:light_blue_banner":1,"minecraft:wall_torch":25,"minecraft:warped_nylium":20,"minecraft:birch_log":1,"biomesoplenty:hair":2,"minecraft:oak_log":25,"regions_unexplored:peat_dirt":7,"minecraft:sand":11,"minecraft:dirt":23,"minecraft:tripwire_hook":2,"minecraft:dispenser":1,"minecraft:netherrack":91,"minecraft:oak_leaves":44,"minecraft:redstone_lamp":15,"regions_unexplored:tall_pink_bioshroom":2,"minecraft:dark_oak_leaves":4,"minecraft:stripped_cherry_log":6,"gravestone:gravestone":14,"minecraft:ladder":8,"minecraft:brown_mushroom_block":34,"minecraft:large_fern":8,"minecraft:hay_block":43,"minecraft:light_blue_wall_banner":3,"minecraft:furnace":14,"treechop:chopped_log":13,"minecraft:gold_block":4,"minecraft:bookshelf":21,"minecraft:shroomlight":1,"minecraft:lantern":8,"regions_unexplored:medium_grass":117,"regions_unexplored:redwood_door":6,"minecraft:stone":657,"minecraft:cherry_stairs":13,"scalinghealth:heart_crystal_ore":2,"minecraft:podzol":17,"regions_unexplored:chalk_grass_block":165,"regions_unexplored:redwood_pressure_plate":5,"minecraft:basalt":1,"minecraft:crafting_table":8,"minecraft:oak_wood":2,"minecraft:rose_bush":2,"minecraft:deepslate_coal_ore":1,"born_in_chaos_v1:chipped_black_argillite_brick":1,"regions_unexplored:daisy":3,"minecraft:polished_blackstone_brick_stairs":9,"minecraft:spruce_stairs":1,"minecraft:birch_planks":2,"minecraft:polished_blackstone_stairs":6,"minecraft:redstone_torch":1,"minecraft:sweet_berry_bush":2,"regions_unexplored:redwood_leaves":1,"twilightforest:bold_stone_pillar":11,"minecraft:coal_ore":94,"minecraft:cherry_leaves":8,"regions_unexplored:blackwood_leaves":10,"paraglider:goddess_statue":6}},"DataVersion":3465}